"\ Biomass (tons) of preys at the beginning of the time step (before all sources of mortality - fishing, predation, starvation, others)"
"Time","lesserSpottedDogfish < 10.0","lesserSpottedDogfish >=10.0","lesserSpottedDogfish >=30.0","redMullet < 10.0","redMullet >=10.0","redMullet >=30.0","pouting < 10.0","pouting >=10.0","pouting >=30.0","whiting < 10.0","whiting >=10.0","whiting >=30.0","poorCod < 10.0","poorCod >=10.0","poorCod >=30.0","cod < 10.0","cod >=10.0","cod >=30.0","dragonet < 10.0","dragonet >=10.0","dragonet >=30.0","sole < 10.0","sole >=10.0","sole >=30.0","plaice < 10.0","plaice >=10.0","plaice >=30.0","horseMackerel < 10.0","horseMackerel >=10.0","horseMackerel >=30.0","mackerel < 10.0","mackerel >=10.0","mackerel >=30.0","herring < 10.0","herring >=10.0","herring >=30.0","sardine < 10.0","sardine >=10.0","sardine >=30.0","squids < 10.0","squids >=10.0","squids >=30.0","Dinoflagellates","Diatoms","Microzoo","Mesozoo","Macrozoo","VSBVerySmallBenthos","SmallBenthos","MediumBenthos","LargeBenthos","VLBVeryLargeBenthos"
1.0,115.34854,622.5999,0.0,387.10965,330.7135,0.0,434458.4,158253.02,4347.3535,859.0198,43132.88,49293.37,89014.14,133511.22,0.0,11.859394,1298.2036,415.91055,355439.56,181.91199,0.0,40255.98,73826.375,1.4532689,277.13165,28193.426,241.90686,370456.75,31152.6,0.0,33748.285,37628.33,0.0,8720933.0,7165979.5,0.0,14740.467,19485.172,0.0,21746.59,94723.92,64235.12,11977.366,3.6285376E7,16524.72,198243.86,46000.0,92000.0,92000.0,92000.0,92000.0,92000.0
2.0,105.511086,1653.9888,0.038035095,193.22388,2109.041,2.913249,389380.25,366098.44,66856.83,1333.4762,3873.751,665884.0,81127.555,184545.8,0.0,0.9418497,188.60576,21754.984,247857.3,361.77682,4.9442664E-5,18404.408,55291.926,35.3603,44.617416,21262.248,4255.26,63958.566,160410.19,0.0029876295,35062.117,205442.36,879.0412,1.2389886E7,3.1181526E7,0.0,4603.5205,29339.396,1.4510077,227062.45,106924.625,1199817.9,11977.366,3.6285376E7,16524.72,198243.86,46000.0,92000.0,92000.0,92000.0,92000.0,92000.0
3.0,80.08341,1778.7306,36.013138,7.1605086,357.78735,30.281122,326812.8,169227.31,61447.043,3311.6592,43049.004,580255.56,33150.965,50757.945,2.251189,6.3315363,238.24812,52107.402,23327.65,183.94049,1.0528792,526.91473,7685.418,97.236374,42.567993,2501.0015,2296.716,15771.431,78652.82,3.1211588,1346.3792,95221.8,571.5055,2854859.8,4.9970536E7,0.0,378.92697,7739.558,0.013909296,331462.47,351828.75,196294.17,11977.366,3.6285376E7,16524.72,198243.86,46000.0,92000.0,92000.0,92000.0,92000.0,92000.0
4.0,103.31347,2208.6572,161.37128,7.7137346,228.65517,154.73952,374725.84,83453.42,50752.082,2962.7576,63000.527,475447.44,10286.711,19959.074,10.666279,12.131541,255.33318,74513.16,2317.6807,476.54684,2.0638957,84.081474,4554.085,197.43059,14.529175,1323.0793,2389.3628,98497.85,61663.86,292.50708,314.5314,55241.97,593.69214,2728730.0,4.8716348E7,0.0,186.9219,5045.9463,2.7696936,111443.04,223274.5,95047.41,11977.366,3.6285376E7,16524.72,198243.86,46000.0,92000.0,92000.0,92000.0,92000.0,92000.0
5.0,3.4798923,1441.0752,646.06726,14.418584,212.0265,500.60355,348575.66,23342.375,13343.17,1864.9795,60567.344,365703.88,2126.2893,9395.613,7.784992,15.849662,95.19049,88036.83,2319.6855,680.0844,1.6762736,90.54194,3046.1064,246.57124,21.345325,1807.7291,2513.2786,144156.89,40827.68,419.83493,357.51517,25866.703,590.6953,1254441.4,4.223218E7,0.0,39.570976,1439.3004,0.5383727,89652.06,91427.27,203302.03,11977.366,3.6285376E7,16524.72,198243.86,46000.0,92000.0,92000.0,92000.0,92000.0,92000.0
6.0,0.4069216,82.1437,1401.4153,5.2650924,107.68185,214.34682,114290.79,18133.67,904.036,1802.4446,62464.23,287686.6,721.58887,7286.0947,6.8620324,34.296417,301.7503,92903.445,279.15094,557.4352,0.18488117,167.91533,5944.5894,337.14066,16.313583,1055.9924,2205.3923,192782.27,47191.633,52.94108,389.62274,9009.766,457.0165,0.081065774,3.2744088E7,0.0,19.814983,398.49814,4.332633,94193.3,141556.88,165081.86,11977.366,3.6285376E7,16524.72,198243.86,46000.0,92000.0,92000.0,92000.0,92000.0,92000.0
7.0,2.2509782,82.06453,2306.9358,16.682938,363.0377,338.59253,21650.707,23618.828,888.9154,1755.015,42892.03,225529.89,749.66016,8280.791,75.813705,35.88357,343.97617,90854.6,164.73581,856.54974,3.3408763,261.94626,7760.8447,608.1749,18.471346,557.5575,2486.3281,152946.06,58906.71,0.07769722,29.519918,2227.8545,93.017876,2.5924997,2.2937756E7,0.025445169,14.277598,258.19452,43.306183,79129.43,123604.7,136125.06,11977.366,3.6285376E7,16524.72,198243.86,46000.0,92000.0,92000.0,92000.0,92000.0,92000.0
8.0,3.512697,249.53058,2921.722,33.66783,607.4727,506.20624,3723.528,22756.16,1004.5897,1690.9064,33250.09,184044.77,1645.4028,12786.512,89.08059,30.57881,633.56744,84832.08,7354.6084,1666.8912,8.508885,420.81793,9594.012,938.8983,18.800816,1074.669,2125.421,119607.8,88182.12,12.72001,46.511036,944.8737,86.837364,0.05036907,1.5290605E7,0.072004855,13.245256,343.57367,140.20744,74361.84,90355.61,47155.574,11977.366,3.6285376E7,16524.72,198243.86,46000.0,92000.0,92000.0,92000.0,92000.0,92000.0
9.0,4.2484303,331.7585,3553.467,39.467655,826.1288,618.7897,8220.994,39489.062,1379.655,1044.6448,28113.027,139426.14,1447.3372,13088.073,70.42555,17.36578,559.6289,76417.76,6311.49,2592.7634,84.606346,278.89447,9787.443,826.66095,6.829122,991.5,2223.5251,57822.145,126126.88,52.061943,312.43097,1708.1472,706.2473,0.2001085,9860128.0,0.026276894,10.27772,286.09943,339.55325,50225.527,86200.85,83578.98,11977.366,3.6285376E7,16524.72,198243.86,46000.0,92000.0,92000.0,92000.0,92000.0,92000.0
10.0,5.109264,353.17343,4002.5332,33.022427,972.846,560.0686,6645.45,37077.844,929.4567,511.89154,23946.125,116218.76,1082.4259,11464.129,80.75626,10.865288,451.96936,70059.54,3416.9553,2511.994,175.31793,454.12546,13488.516,1000.46094,19.615623,1355.8503,2883.1333,11669.9795,116869.336,44.68829,511.31628,9618.42,959.57794,1.8892138,6203660.0,0.013537002,11.3382015,150.21634,524.21454,57166.387,44512.016,52705.168,11977.366,3.6285376E7,16524.72,198243.86,46000.0,92000.0,92000.0,92000.0,92000.0,92000.0
11.0,6.080201,408.4659,4238.068,53.349785,1374.4026,716.1495,2298.235,25149.055,458.69568,603.6467,7909.0635,94764.875,1022.7225,12490.958,72.21435,16.44613,247.76588,64613.484,4850.603,2695.3413,184.63365,530.78485,15903.306,1370.0254,21.724262,1536.7207,3243.3733,802.0456,85168.1,46.311188,226.06271,16498.55,702.4913,1.7791632,3837337.2,0.008606393,34.77413,453.6954,582.152,32192.357,53615.29,29191.184,11977.366,3.6285376E7,16524.72,198243.86,46000.0,92000.0,92000.0,92000.0,92000.0,92000.0
12.0,5.0050454,420.90607,4050.9475,46.829952,1955.9133,463.51862,1066.2662,17956.314,444.14728,488.67673,9199.33,67004.99,1118.4911,13799.073,83.600235,14.542502,448.8956,57891.926,10171.465,4272.7866,157.21158,587.8795,19533.309,1278.85,14.523253,1694.3634,2064.1462,1551.3574,58284.625,51.123524,786.87225,13454.855,1001.8771,25.864752,1438036.9,0.013362952,40.855286,1111.4055,727.4494,17160.846,17478.73,15838.268,11977.366,3.6285376E7,16524.72,198243.86,46000.0,92000.0,92000.0,92000.0,92000.0,92000.0
13.0,3.2372525,308.9464,2656.8274,39.110203,1350.4972,474.1661,6386.2295,34455.055,746.7688,211.94673,4179.1045,70108.18,1229.7666,18303.453,17.179863,18.360102,208.95905,52985.7,10519.912,5409.7407,98.84016,380.64706,18543.86,998.61676,20.360394,2046.375,2472.9556,3786.8325,42612.195,83.32323,543.82874,27743.992,1174.7976,97.86234,577580.75,2.6030278,156.48067,5184.1855,1191.4656,8164.2954,14520.883,7422.264,11977.366,3.6285376E7,16524.72,198243.86,46000.0,92000.0,92000.0,92000.0,92000.0,92000.0
14.0,1.2675744,150.71361,1528.5758,41.688705,1216.4147,398.29785,4623.8843,42667.14,733.3579,195.83679,1757.6923,56918.125,1211.8376,21719.805,11.109952,11.414606,445.82248,47706.17,11223.936,6843.994,55.599537,244.78882,15674.185,857.4574,19.234602,2609.4062,2501.0696,6344.2173,45877.527,145.39641,561.40765,28523.48,883.6091,680.72235,207557.08,4.2580376,435.97473,14834.231,3230.8154,16531.93,7663.7505,19613.664,11977.366,3.6285376E7,16524.72,198243.86,46000.0,92000.0,92000.0,92000.0,92000.0,92000.0
15.0,2.1450858,113.53929,1749.9397,35.57165,971.3449,339.0477,2062.8765,27380.752,502.69714,96.871056,2114.676,50828.293,785.61176,18958.268,4.6216097,6.528857,248.21677,44737.883,20507.953,7551.792,36.86388,235.0882,16591.865,825.1502,16.857597,2715.976,2549.2178,6261.0786,56437.668,57.976173,298.4865,31735.46,617.36346,278.42194,57493.934,7.7785435,1005.0808,37724.723,5842.5923,17201.295,13195.002,19839.682,11977.366,3.6285376E7,16524.72,198243.86,46000.0,92000.0,92000.0,92000.0,92000.0,92000.0
16.0,2.7391832,156.76431,1938.8145,39.475395,1744.8279,418.06943,1922.4213,27741.475,268.9945,65.459305,1098.0892,40732.887,578.5363,12113.064,25.742985,9.155094,151.62679,40610.504,23869.975,6741.136,28.635422,214.10162,17202.11,722.4228,23.055603,3095.8938,3604.874,6270.916,70747.39,18.42813,186.70427,27606.096,1063.8094,2902.5842,72336.11,15.561427,2429.4502,87032.64,7289.395,20402.67,15727.878,30660.08,11977.366,3.6285376E7,16524.72,198243.86,46000.0,92000.0,92000.0,92000.0,92000.0,92000.0
17.0,2.7763412,190.92357,1956.8396,50.32624,1603.1316,880.98224,1861.5955,30842.27,419.94412,56.451294,1599.5922,34457.84,780.23846,11322.242,16.977604,4.6267877,214.37743,36591.344,21151.6,7831.0493,76.30094,127.60121,18421.941,567.3948,20.296597,2774.6965,3851.219,23444.072,86657.414,19.71631,170.49599,22631.541,949.01,5073.9106,179860.39,45.71196,6512.997,152083.92,7020.312,31385.766,31685.379,42974.246,11977.366,3.6285376E7,16524.72,198243.86,46000.0,92000.0,92000.0,92000.0,92000.0,92000.0
18.0,2.848024,226.33597,1943.2834,108.69246,2282.6687,1249.8328,3776.836,34235.605,741.5393,44.34546,1047.8784,35856.91,752.3429,11971.0,18.671946,6.6769705,142.05623,34480.188,24193.805,8741.026,78.98565,120.722435,17565.75,540.9885,17.850214,3092.4146,3205.442,37697.6,119048.7,47.683556,548.5544,18019.277,1494.3467,3520.5505,302766.4,25.93435,14694.701,213586.69,5556.3203,19571.764,50797.344,45037.348,11977.366,3.6285376E7,16524.72,198243.86,46000.0,92000.0,92000.0,92000.0,92000.0,92000.0
19.0,3.4850712,204.39648,2088.9202,146.95895,3864.6802,990.84296,4386.323,37106.484,817.3113,57.05298,1262.3427,38628.945,545.3752,13224.835,29.103382,2.2044744,307.60724,32984.703,34004.016,10068.321,75.33551,159.25835,16875.688,608.23785,14.69932,2816.4949,3240.3645,54978.348,146118.36,52.762802,902.8766,24323.596,1988.4438,1310.2035,348571.12,15.495934,11745.59,308258.4,3814.204,30131.87,23221.4,30259.014,11977.366,3.6285376E7,16524.72,198243.86,46000.0,92000.0,92000.0,92000.0,92000.0,92000.0
20.0,2.3873153,214.98811,2084.056,38.898445,4638.0303,959.4756,7226.6216,35646.516,948.30835,69.40201,1319.0394,43482.53,396.02872,11920.72,26.430489,2.6756623,113.8235,32669.178,36598.195,9569.351,69.75932,198.12767,16643.09,560.712,10.8335285,2628.8977,3125.088,55782.32,174589.38,45.888126,1283.7009,36202.61,2693.5706,229.67943,314778.5,28.155773,6063.332,317913.72,2400.8662,23149.322,37256.484,44877.8,11977.366,3.6285376E7,16524.72,198243.86,46000.0,92000.0,92000.0,92000.0,92000.0,92000.0
21.0,2.2213633,190.09584,1855.6033,34.95994,3030.7302,1127.5446,7656.4487,38607.81,1014.3797,46.424294,1012.50775,43218.23,582.34125,10985.417,51.758408,1.6893035,131.12036,32310.146,33520.914,9069.021,86.15458,395.44147,16505.174,706.48785,19.371698,2658.6028,3194.768,50695.203,187945.22,42.235413,1282.3677,46744.07,3279.555,1539.5652,258802.61,56.99654,11669.578,299313.34,2070.2214,25140.182,22187.445,38557.664,11977.366,3.6285376E7,16524.72,198243.86,46000.0,92000.0,92000.0,92000.0,92000.0,92000.0
22.0,2.4190764,186.47296,1888.1202,43.208893,3031.0059,989.529,7157.7075,39551.867,1159.1335,79.357735,1013.8069,36360.695,482.84607,10002.962,16.032923,1.1942819,10.2959585,32046.299,25741.676,9284.537,100.39297,301.15524,17088.428,685.02625,5.6499887,1977.4733,3387.6926,46992.58,192850.0,86.0214,1386.5728,58057.035,3033.3672,1653.7833,237056.95,54.294064,9037.209,286268.9,1838.8728,20961.258,27633.709,38417.1,11977.366,3.6285376E7,16524.72,198243.86,46000.0,92000.0,92000.0,92000.0,92000.0,92000.0
23.0,2.6969757,199.29077,2202.5286,41.73759,2892.2585,1034.3055,4880.1724,34395.363,841.5032,45.852913,1097.255,39039.68,886.97876,9157.079,18.540707,0.5809009,1.4442878,31603.596,21094.725,9280.664,114.9025,291.3055,19298.96,777.6134,14.954544,1563.6682,3072.3606,48303.836,177825.2,199.19946,1329.2671,66275.64,2078.464,1218.3699,226761.72,32.660263,8296.188,265744.12,1074.7219,14279.819,21340.322,33223.645,11977.366,3.6285376E7,16524.72,198243.86,46000.0,92000.0,92000.0,92000.0,92000.0,92000.0
24.0,3.1858118,244.71725,2527.6821,40.58184,2769.649,1067.8694,3197.5928,28879.146,983.0039,63.756275,1209.5795,40520.62,565.112,9156.135,60.626728,2.4814358,135.94687,30685.672,16868.617,9349.374,108.41233,190.0969,19603.469,762.67474,6.1913433,1395.3303,2333.2256,56858.09,168857.72,139.6553,783.4496,66204.31,1548.5438,9.66026,188796.34,13.433692,13593.09,252891.47,712.68866,30670.121,20957.08,38001.44,11977.366,3.6285376E7,16524.72,198243.86,46000.0,92000.0,92000.0,92000.0,92000.0,92000.0
25.0,3.4013958,299.28915,2717.2996,83.69938,2526.6653,1163.498,4030.0073,26499.42,904.69226,36.230278,1468.4745,38368.887,555.1576,9595.627,48.24213,0.7239692,103.45649,31085.105,17455.863,8565.403,78.20829,294.58133,21036.26,812.32605,8.398547,1278.8894,2147.3745,49421.062,165418.61,77.937645,1534.221,58562.34,1350.1035,1059.0204,148160.53,4.1808853,10380.389,231819.8,386.34738,41082.8,41152.438,101281.73,11977.366,3.6285376E7,16524.72,198243.86,46000.0,92000.0,92000.0,92000.0,92000.0,92000.0
26.0,4.4417996,275.41666,2834.1392,73.06835,2789.2327,1146.0492,4186.1646,33934.516,931.06793,41.104366,1038.0546,34286.254,404.8126,8607.593,24.867226,1.3212713,46.921272,29462.701,18575.04,8214.633,37.34426,275.6349,24794.709,841.2625,11.517021,1771.6431,2764.821,30952.584,160036.56,19.815277,1402.724,58147.637,3230.973,983.49524,124419.125,8.843118,6586.005,204199.92,180.55638,42764.945,41209.727,75530.84,11977.366,3.6285376E7,16524.72,198243.86,46000.0,92000.0,92000.0,92000.0,92000.0,92000.0
27.0,3.5939293,331.0057,2842.8064,57.936127,3366.0437,1041.9613,4792.8965,35402.18,1075.4052,56.8917,1151.0028,33893.234,327.37268,8320.661,31.588202,1.5680691,53.989246,30128.664,16252.877,8694.316,156.26086,322.00473,23991.18,881.10077,9.648282,1960.2798,2927.3499,16810.867,155581.3,13.871646,1220.6733,59863.746,2564.4204,156.61134,100422.48,34.852737,5952.265,205622.6,402.0839,39188.79,47101.76,31846.47,11977.366,3.6285376E7,16524.72,198243.86,46000.0,92000.0,92000.0,92000.0,92000.0,92000.0
28.0,4.7208133,313.72446,3146.6228,44.127045,4040.181,993.0085,5599.8467,34659.008,1477.1954,73.43419,1046.7915,34507.62,567.351,10548.221,28.086754,0.39329848,38.00308,29837.006,16029.094,8609.323,197.8551,455.09366,23875.879,979.0561,15.305612,2126.773,2715.2104,18194.273,151384.97,28.139225,656.3997,65230.254,2089.367,176.90733,77392.39,43.797928,10493.693,229825.31,852.8978,12657.932,33194.27,22182.566,11977.366,3.6285376E7,16524.72,198243.86,46000.0,92000.0,92000.0,92000.0,92000.0,92000.0
29.0,5.453144,373.28928,3718.789,71.421036,3729.6465,907.84033,5501.7197,32451.09,1246.6553,47.825542,773.0106,33847.85,500.42395,12361.086,23.016533,1.1350805,30.533148,27385.555,14370.293,7846.339,96.82941,350.62082,24700.014,836.3611,8.008175,1992.5309,2940.3843,13385.773,156235.7,29.854895,590.61865,62928.203,1666.8859,148.12854,61217.01,33.298756,8279.801,281184.44,912.9461,12920.676,10075.423,27377.729,11977.366,3.6285376E7,16524.72,198243.86,46000.0,92000.0,92000.0,92000.0,92000.0,92000.0
30.0,6.365555,463.7259,4218.3784,44.970158,3684.8308,782.2451,5294.432,30866.156,1354.373,36.076096,946.8205,33984.727,372.29373,12046.099,35.647186,1.2881323,88.09281,24831.568,16438.006,8283.755,70.62508,397.7917,24125.104,827.63574,14.106401,2116.2336,3156.4146,16904.883,157370.05,18.18035,259.02625,60379.555,1277.12,76.70639,49554.926,19.074743,9497.215,316758.84,425.23987,14748.055,10738.318,9936.355,11977.366,3.6285376E7,16524.72,198243.86,46000.0,92000.0,92000.0,92000.0,92000.0,92000.0
31.0,6.2009935,435.4419,4612.486,35.899864,4271.263,802.20197,4436.887,32533.898,838.84485,70.710175,925.39246,33654.773,662.68414,10921.621,123.977295,0.5826076,73.22392,23257.518,19253.547,8224.191,88.20727,356.93896,24402.38,871.30225,7.701258,2545.1758,3036.7148,20898.967,148105.16,31.373655,168.57161,49445.65,993.0832,23.37802,38313.043,14.946786,9471.947,331524.6,479.2678,14977.198,8313.708,44918.84,11977.366,3.6285376E7,16524.72,198243.86,46000.0,92000.0,92000.0,92000.0,92000.0,92000.0
32.0,8.398737,526.8997,5170.5073,63.84378,3061.9998,1054.4302,2453.5156,32611.607,632.79266,66.859024,1686.1709,38926.117,487.5839,11036.55,76.84004,1.2637963,15.377529,22023.082,18053.05,8100.273,75.06658,203.6036,24167.688,858.93835,11.213444,2289.543,2951.8044,21492.486,138164.78,41.61116,135.15485,40058.242,795.14374,30.111341,26617.484,26.162228,16224.8955,337178.25,720.13684,25355.455,16469.111,11188.801,11977.366,3.6285376E7,16524.72,198243.86,46000.0,92000.0,92000.0,92000.0,92000.0,92000.0
33.0,8.780598,570.37445,5802.9126,66.02775,2945.8516,1132.8242,2781.547,28138.885,451.56448,55.237663,1252.2666,44601.617,855.40094,11774.829,20.34488,0.34184954,19.493053,20477.686,12406.188,7811.455,67.23123,191.843,22984.09,833.4294,18.242268,1985.8467,3419.6458,16508.78,134298.8,35.637054,385.44537,31399.465,1424.4359,1950.7146,34681.45,37.27249,15511.864,346108.78,825.49286,18899.85,24925.305,58844.38,11977.366,3.6285376E7,16524.72,198243.86,46000.0,92000.0,92000.0,92000.0,92000.0,92000.0
34.0,8.378011,672.7893,6319.6816,54.341595,3017.426,1305.3601,1920.4242,25101.754,578.88257,30.023407,1587.2499,48056.91,689.56335,9851.976,0.9608605,0.9418393,11.281024,18552.756,12824.265,7791.025,72.11244,336.65518,23508.035,945.7482,10.107369,2396.1584,3725.6128,15303.362,126400.664,26.757101,625.47327,30333.85,1358.2563,2202.1174,76993.69,24.803776,16292.515,347357.44,613.1978,33391.633,33936.12,15237.821,11977.366,3.6285376E7,16524.72,198243.86,46000.0,92000.0,92000.0,92000.0,92000.0,92000.0
35.0,10.312446,757.1162,6988.653,57.119225,3155.2178,1478.6714,2617.8008,26722.414,719.7306,76.40265,723.76953,50418.285,479.70276,10152.937,11.562228,0.806627,9.729817,16801.945,20830.078,6888.0117,61.693256,316.46332,21776.154,877.13715,27.732378,2845.3416,3572.625,17310.127,115730.66,34.609734,514.4959,34738.023,1300.0778,1600.7529,125037.016,10.377518,16238.68,334027.7,728.8696,23829.443,36167.633,56121.125,11977.366,3.6285376E7,16524.72,198243.86,46000.0,92000.0,92000.0,92000.0,92000.0,92000.0
36.0,11.065611,815.34515,7646.2686,53.10437,3374.2595,1328.0122,3001.478,31143.645,622.1094,73.24733,2035.8346,54203.324,349.16776,10655.759,28.6274,0.55916727,12.83472,15236.953,21797.871,7111.042,147.55692,265.52542,21063.799,857.85065,13.497963,2569.6865,3576.36,17743.842,116197.25,27.197874,343.20108,35657.492,817.19446,857.3395,146227.19,11.367785,13910.444,317453.53,1021.9255,25607.393,33303.55,37719.367,11977.366,3.6285376E7,16524.72,198243.86,46000.0,92000.0,92000.0,92000.0,92000.0,92000.0
37.0,14.46487,728.17975,8448.1455,55.086662,3258.212,1268.9136,4098.954,29963.973,509.61368,60.234684,1922.218,55367.344,642.1803,10167.69,64.23788,1.8745031,100.51857,13668.663,15694.734,8082.5796,133.84181,283.31564,20481.191,814.359,13.859911,2488.8887,3803.779,11566.554,123919.07,14.646407,247.95326,32915.902,1233.01,1011.8645,140447.72,11.58337,10823.012,309047.38,635.1081,31763.486,35310.6,36684.85,11977.366,3.6285376E7,16524.72,198243.86,46000.0,92000.0,92000.0,92000.0,92000.0,92000.0
38.0,14.783735,837.9324,8897.059,86.19765,2928.3599,1315.8136,3226.8315,28956.936,636.79144,54.419098,754.17316,53054.32,559.637,9150.311,39.321327,0.71176934,5.1646233,13615.886,17782.234,7841.5635,61.062843,413.46957,20300.55,878.67993,16.540419,2787.5894,4210.487,13193.372,127221.17,11.7337475,248.5254,27213.496,786.2845,976.63464,133076.98,13.009953,12465.091,332279.7,609.1257,25010.615,28146.764,33133.332,11977.366,3.6285376E7,16524.72,198243.86,46000.0,92000.0,92000.0,92000.0,92000.0,92000.0
39.0,19.525364,960.9387,9445.517,63.864048,2860.592,1057.3247,1718.5302,25498.275,559.2289,70.1349,1136.157,44683.28,448.56888,10608.14,38.530224,0.89755356,10.382277,14251.363,24709.318,7545.0386,60.548744,202.79332,20663.883,729.14374,16.26976,3079.1685,3935.1929,18400.469,130517.66,8.284623,235.3989,22399.807,792.8643,103.886475,121551.73,11.896347,16093.775,336105.53,778.5604,23033.865,19644.281,52809.98,11977.366,3.6285376E7,16524.72,198243.86,46000.0,92000.0,92000.0,92000.0,92000.0,92000.0
40.0,18.665775,1017.69995,10143.985,36.711174,3482.9617,1202.5392,1558.2921,28040.52,589.92224,56.488693,815.42114,43734.414,408.66275,10933.985,55.062214,0.70606893,8.776686,15006.221,21400.334,8120.9463,91.19753,173.54817,20240.271,641.4803,21.419527,2529.2188,4100.905,31066.555,135299.89,4.3950133,256.04526,20319.445,759.87024,1899.2589,117133.71,6.7517934,17613.0,317265.72,727.39136,21604.912,28930.781,30418.762,11977.366,3.6285376E7,16524.72,198243.86,46000.0,92000.0,92000.0,92000.0,92000.0,92000.0
41.0,19.584023,1111.4752,10999.916,53.632866,3815.1323,1271.2847,3400.25,36342.184,838.9591,32.0328,818.95654,38648.47,616.60645,11431.673,24.23254,0.581653,8.769396,15070.471,17909.469,8962.316,84.17121,244.19014,19723.842,771.3409,26.871729,2938.7136,4377.1816,39803.574,142380.23,9.4543,383.09024,26189.05,1519.5298,725.93665,121992.0,5.2635503,11390.796,326675.75,562.62506,40003.504,26080.951,60998.23,11977.366,3.6285376E7,16524.72,198243.86,46000.0,92000.0,92000.0,92000.0,92000.0,92000.0
42.0,20.4772,1256.8513,11341.711,53.437603,3281.8472,1368.8335,4578.7163,43314.016,933.1192,32.173256,1517.6852,31487.396,522.159,11724.606,18.162504,0.877833,22.502068,14482.66,18587.795,9402.522,109.2006,312.4184,21226.842,731.14417,16.504557,3882.131,3881.1685,42029.473,142533.66,21.553444,628.1073,34202.84,2001.2184,802.1525,111886.516,12.510248,8879.847,307702.78,387.15503,43818.0,47729.53,66493.195,11977.366,3.6285376E7,16524.72,198243.86,46000.0,92000.0,92000.0,92000.0,92000.0,92000.0
43.0,24.056929,1138.9073,12099.197,79.37572,2982.7874,1332.1678,3203.4949,35071.855,843.6151,27.16424,418.29785,34069.676,358.0479,10720.148,10.466336,0.5599218,16.142954,13185.6,21898.666,8978.657,65.67662,299.19308,24263.03,823.77386,20.090458,4384.957,4366.7036,43428.39,141622.61,16.161697,1807.4354,51470.74,3965.7605,296.66373,106655.53,22.31388,7363.561,283209.03,657.4339,51641.33,52933.88,62240.52,11977.366,3.6285376E7,16524.72,198243.86,46000.0,92000.0,92000.0,92000.0,92000.0,92000.0
44.0,22.896145,1392.2341,12449.235,19.300262,3009.5396,1255.3368,3699.2444,29439.467,1712.876,36.916904,1411.5103,32855.254,474.46167,10151.44,28.872849,0.49844843,38.819782,11930.844,24642.4,7748.4785,76.06871,361.31378,24534.162,802.8102,31.179047,4624.925,4599.059,39583.844,141824.92,16.137863,2108.7666,74037.25,4515.0664,799.1642,96740.11,18.990345,7429.9575,273958.34,1475.1467,34864.543,59857.87,48414.973,11977.366,3.6285376E7,16524.72,198243.86,46000.0,92000.0,92000.0,92000.0,92000.0,92000.0
45.0,23.749641,1293.9828,13252.114,48.003086,2488.9495,1220.0929,16014.679,32968.24,2178.987,44.792763,1505.3978,39848.85,796.6201,11238.021,38.50301,0.2697116,16.145823,11500.672,24543.35,7509.5093,99.10224,256.98965,24882.973,945.48804,13.015784,3949.5093,4737.3335,43760.473,150244.61,22.856146,2598.3196,77206.47,5356.349,700.25366,93333.46,13.575531,6524.9263,248657.31,935.6098,25722.275,31466.285,54994.0,11977.366,3.6285376E7,16524.72,198243.86,46000.0,92000.0,92000.0,92000.0,92000.0,92000.0
46.0,29.453775,1488.7245,15027.284,50.29499,2168.9187,1303.5322,24967.586,36083.125,2437.6929,67.56371,1059.7692,50850.863,495.1208,10978.629,43.830467,0.5099998,15.875068,11546.349,19180.758,7323.4204,107.35964,230.44392,25068.744,1106.1669,22.048542,3065.3115,5054.8794,51008.656,163011.66,39.358944,1368.4381,95880.96,4825.5786,968.2738,92565.47,49.16971,5384.704,222475.56,488.8299,36973.953,33653.395,51545.46,11977.366,3.6285376E7,16524.72,198243.86,46000.0,92000.0,92000.0,92000.0,92000.0,92000.0
47.0,28.05559,1494.8943,16951.4,109.0978,2581.15,1145.4685,13272.565,34883.883,1402.4813,64.633125,1178.0488,47922.176,280.57373,8065.5835,14.838177,0.41440418,30.951586,11688.61,10954.322,7612.5596,63.715626,145.99602,22278.943,945.75476,11.584523,2583.8584,4781.45,31088.068,174209.36,35.566055,1665.1868,91035.12,4301.161,637.6389,87922.984,68.483215,9350.038,218704.88,673.35406,19868.896,25914.836,51222.06,11977.366,3.6285376E7,16524.72,198243.86,46000.0,92000.0,92000.0,92000.0,92000.0,92000.0
48.0,36.08806,1736.0966,18447.033,72.27396,3163.474,915.5972,4819.745,29571.705,1033.5576,60.338894,1137.8093,41179.62,447.16388,8015.615,11.728999,1.112084,47.233334,12047.866,10540.233,8432.406,101.05704,404.9066,22555.65,956.27765,18.514502,2819.9492,4530.881,19695.564,164301.38,23.624039,994.0115,94741.38,3595.5317,774.549,79299.055,32.44587,10486.368,249826.78,958.0236,22320.389,17900.006,31443.445,11977.366,3.6285376E7,16524.72,198243.86,46000.0,92000.0,92000.0,92000.0,92000.0,92000.0
49.0,40.23734,1696.871,19676.752,86.75112,4136.5903,699.0809,3970.3523,33254.746,790.6263,46.101845,791.4939,36891.05,408.80923,10351.924,3.7845166,0.9609557,65.9221,12291.194,12861.544,8433.671,134.42534,347.141,25190.283,1001.2314,18.650267,3002.0728,4415.0195,16558.06,148112.06,14.658716,1034.8881,89714.24,3134.572,777.3142,75997.06,21.986189,5686.8066,280808.97,1227.7194,10926.194,17677.885,18264.586,11977.366,3.6285376E7,16524.72,198243.86,46000.0,92000.0,92000.0,92000.0,92000.0,92000.0
50.0,45.9721,2002.3807,20509.54,75.76024,5086.659,723.1393,2823.057,32995.66,614.93024,33.080265,753.4266,37477.863,442.2494,10641.89,36.148117,0.4102836,7.8177414,13280.69,16947.137,7809.133,120.082726,239.94232,24114.879,921.60004,21.412672,2942.6726,4546.788,13283.958,142220.75,35.879837,861.3979,88102.98,2740.6174,159.85405,74472.09,19.742926,6938.8467,265187.75,820.4928,10041.424,7909.0566,13569.184,11977.366,3.6285376E7,16524.72,198243.86,46000.0,92000.0,92000.0,92000.0,92000.0,92000.0
51.0,49.01647,2014.6461,20911.338,54.534767,4325.6978,940.43976,2671.0503,27708.816,685.48645,39.055904,800.4245,35680.395,725.46436,11850.176,25.620327,0.50213224,20.176146,14245.857,18620.887,8591.436,111.186584,194.49078,20863.041,819.188,14.239317,2701.6077,4215.3135,7033.8267,135771.05,47.524242,663.8635,75748.63,2369.7837,397.739,66836.37,32.344013,16978.32,268280.75,907.2522,7323.9585,5464.237,12172.506,11977.366,3.6285376E7,16524.72,198243.86,46000.0,92000.0,92000.0,92000.0,92000.0,92000.0
52.0,47.501297,1997.3729,19357.09,60.911854,3739.1018,1347.2346,2399.3477,22997.635,857.13983,15.995795,630.67706,36519.703,608.05493,12145.437,8.617612,0.8338461,0.96695733,14693.658,16467.969,9485.279,91.2065,143.1919,19645.979,813.45044,8.347009,2402.0105,3849.7039,3718.3481,124202.91,33.159966,764.5178,67803.234,2060.478,73.62245,58100.99,41.17531,16034.164,320431.3,836.6447,7000.647,4045.8975,6923.3115,11977.366,3.6285376E7,16524.72,198243.86,46000.0,92000.0,92000.0,92000.0,92000.0,92000.0
53.0,37.28301,1791.1394,17175.604,40.356567,3890.27,1362.413,1873.686,19254.984,1045.8694,34.07363,705.8956,32572.814,607.945,14078.589,33.347607,0.245515,0.4756364,15070.77,17487.258,9298.656,54.97383,318.68378,19629.2,1007.1359,10.823792,2250.337,3939.189,2882.4885,101475.54,20.423609,416.82077,66732.91,1727.66,700.0822,55429.97,26.926258,12629.845,356224.34,824.9384,3834.3325,4719.827,8338.276,11977.366,3.6285376E7,16524.72,198243.86,46000.0,92000.0,92000.0,92000.0,92000.0,92000.0
54.0,28.668972,1866.9811,15767.755,47.887062,3635.214,1601.0597,3109.2073,26227.098,988.5103,32.108147,996.0226,33412.812,436.14944,13645.237,61.533268,0.81335646,6.2932687,14829.105,22662.023,8586.323,123.69678,354.53943,22827.268,1052.0563,9.609597,2169.7227,4152.008,6634.8125,84720.01,4.4859858,282.08453,60203.05,1445.0123,576.14355,62979.465,15.31413,21168.676,367106.03,891.0173,7938.059,3374.9863,12887.278,11977.366,3.6285376E7,16524.72,198243.86,46000.0,92000.0,92000.0,92000.0,92000.0,92000.0
55.0,27.068708,1544.4276,14567.126,40.43556,3340.6917,1454.686,1473.9371,31530.201,992.68353,30.74132,900.44275,39657.74,486.24646,12668.489,49.891117,0.56107646,41.135513,14079.638,20297.152,8971.512,186.43558,309.42206,22663.969,995.9256,6.977555,1211.194,4235.4736,7701.1616,72256.75,7.322623,280.37854,48219.125,1287.9528,210.16972,59035.57,13.606161,17321.506,399720.0,1263.3739,10194.727,5863.728,19317.74,11977.366,3.6285376E7,16524.72,198243.86,46000.0,92000.0,92000.0,92000.0,92000.0,92000.0
56.0,23.979021,1494.7843,14290.919,53.951744,3392.7542,1270.1433,1630.0188,30045.203,896.91174,54.59311,935.0829,41434.938,360.07132,10866.346,24.044151,0.21607427,28.808348,13295.932,18683.049,9050.204,108.20787,199.14961,21951.932,1237.4498,10.47605,1034.3888,3700.152,5535.5527,70085.375,3.9340494,260.92288,42092.418,1116.3572,256.04907,51530.953,11.795903,11977.941,410573.47,677.07935,11018.331,6737.4897,14516.462,11977.366,3.6285376E7,16524.72,198243.86,46000.0,92000.0,92000.0,92000.0,92000.0,92000.0
57.0,24.56103,1370.2665,15195.992,76.71942,3767.831,868.29407,3286.4333,28408.898,743.62366,46.70551,1657.1196,40275.44,420.16513,10869.942,39.673695,0.11627888,1.1213609,12618.761,18332.455,6664.8057,50.0296,308.4114,24624.688,1276.6401,7.8050184,1564.1685,3538.1672,6820.3945,65752.48,14.282654,190.09866,41880.594,973.5003,814.9663,47133.97,14.846145,16336.784,403750.12,519.8504,11262.022,8491.668,16304.879,11977.366,3.6285376E7,16524.72,198243.86,46000.0,92000.0,92000.0,92000.0,92000.0,92000.0
58.0,31.61234,1622.8905,14699.3955,28.687782,3105.9568,834.00183,3777.2817,27439.775,624.46747,33.803524,1061.8265,39556.863,617.6269,11708.495,29.004885,0.90196437,12.95886,11518.066,13688.324,7507.308,77.87876,284.83356,26107.742,1222.7347,8.958636,2064.4656,3441.5176,8296.664,64539.297,4.5063396,176.41101,40595.547,955.3638,2742.7905,71968.29,6.373754,11781.225,381073.34,520.0388,14161.429,8270.352,15621.521,11977.366,3.6285376E7,16524.72,198243.86,46000.0,92000.0,92000.0,92000.0,92000.0,92000.0
59.0,22.573292,1844.7101,13965.786,48.081413,2471.9797,1093.159,2442.5598,26729.96,697.8255,62.41576,1140.6998,37697.133,738.90405,12487.934,20.373932,0.8046737,58.79385,10869.163,19398.16,7426.1523,141.5659,217.34123,22024.703,1083.2761,14.680089,3230.412,3422.09,8916.668,70093.42,20.793396,137.57317,38282.965,645.38605,589.3987,106584.05,7.708698,16014.296,356617.62,668.91205,13624.004,8267.093,16289.738,11977.366,3.6285376E7,16524.72,198243.86,46000.0,92000.0,92000.0,92000.0,92000.0,92000.0
60.0,21.52468,1655.6995,14690.283,66.33661,2335.653,1245.9573,2222.016,28833.822,945.7182,58.060715,1978.8351,44906.934,982.47345,12058.26,36.996395,0.8814545,39.847782,10360.548,27798.309,9282.037,203.42503,176.8406,20611.129,995.6769,17.052135,3495.7124,3816.9448,18203.957,81342.55,11.54236,102.9678,31064.688,623.60815,3106.5034,127672.43,19.482927,21693.834,379498.5,658.09454,15147.367,11405.982,22226.477,11977.366,3.6285376E7,16524.72,198243.86,46000.0,92000.0,92000.0,92000.0,92000.0,92000.0
61.0,27.738836,1215.6782,15788.769,48.297123,2592.8784,1326.8035,4450.3857,30327.648,1049.5037,48.727226,885.366,53228.92,634.93567,11424.771,18.7268,0.3064168,29.19479,10184.375,27183.295,9320.099,232.23195,216.34244,19287.932,979.27795,14.021062,3119.2922,3682.1433,30231.12,88277.89,31.714342,152.24353,23164.541,1092.3419,2441.61,180142.55,23.128378,15059.877,395133.7,849.129,17695.88,16560.31,32055.078,11977.366,3.6285376E7,16524.72,198243.86,46000.0,92000.0,92000.0,92000.0,92000.0,92000.0
62.0,31.830717,1238.0681,16634.893,31.192665,3052.717,1272.743,5444.6743,36677.984,1178.7303,98.48948,1153.8545,52595.164,487.8599,11193.317,8.6507635,0.42931175,8.390289,10421.556,19567.373,9012.604,225.69896,222.60645,19908.76,935.93756,15.548739,2497.8398,4312.764,35231.668,99841.664,14.679925,101.21857,18531.229,1071.4824,3206.4634,245280.88,48.92971,10871.239,380627.53,433.71933,26486.352,26089.45,39904.395,11977.366,3.6285376E7,16524.72,198243.86,46000.0,92000.0,92000.0,92000.0,92000.0,92000.0
63.0,27.230738,1351.126,16477.299,53.955326,2506.1465,1400.0914,3264.0718,35407.547,859.097,78.16808,1264.6874,58344.457,317.0353,8525.154,10.781793,0.5134069,11.372138,10797.819,13884.928,8924.445,160.64613,460.47937,21782.342,894.61115,14.867291,2749.7446,4210.674,34883.13,124718.87,18.483898,3021.312,21526.723,3427.9475,710.17316,281561.3,42.81503,12335.976,339709.16,244.948,32402.805,30759.996,62649.242,11977.366,3.6285376E7,16524.72,198243.86,46000.0,92000.0,92000.0,92000.0,92000.0,92000.0
64.0,36.7468,1288.4362,16194.023,66.005,2744.263,1309.2979,2178.499,27041.852,698.1598,72.97995,1129.5083,55476.746,322.28024,8511.835,5.929758,0.2900501,29.328459,10971.826,16487.719,7689.1626,100.251755,458.58264,23624.53,1001.44366,31.82749,2582.9648,4403.766,24709.33,136143.77,29.003304,2368.2756,63061.305,5064.737,1408.0769,257747.23,14.414016,8782.159,282639.1,141.66527,48618.848,31291.832,84116.95,11977.366,3.6285376E7,16524.72,198243.86,46000.0,92000.0,92000.0,92000.0,92000.0,92000.0
65.0,25.38456,1808.0883,15822.358,75.58272,3460.8772,1031.3319,2351.1409,27494.49,840.8922,127.18218,1485.0555,50518.67,556.1784,9798.881,20.306463,0.39814526,15.094066,11174.11,19491.684,6743.1553,57.24112,394.26633,24815.326,914.50635,33.757915,3650.282,4342.6587,20742.256,123724.164,34.948437,2541.7498,82790.625,6527.9785,1077.4636,224329.45,22.7892,11706.023,260157.17,83.06199,32793.336,46632.99,59443.18,11977.366,3.6285376E7,16524.72,198243.86,46000.0,92000.0,92000.0,92000.0,92000.0,92000.0
66.0,28.76269,1534.6824,16000.746,30.258749,3789.2554,990.1223,2305.1208,32107.865,675.2025,65.27721,1915.8806,61474.688,493.73587,10510.636,5.737655,0.615539,27.97252,11594.652,17198.723,6994.4473,110.14357,333.10345,23176.838,766.36914,11.002316,2976.85,4579.2183,18245.41,122640.03,47.90568,4222.475,90973.63,5208.9053,145.06293,182386.39,15.130835,10544.022,276031.97,398.6146,25836.188,34661.074,41533.33,11977.366,3.6285376E7,16524.72,198243.86,46000.0,92000.0,92000.0,92000.0,92000.0,92000.0
67.0,19.83917,1659.5701,14734.681,40.167667,2955.3335,966.09424,3602.7388,25327.027,686.98615,106.9421,735.99274,60658.51,492.49365,9629.637,15.175933,0.7396573,12.449793,12282.212,12546.748,8169.9194,93.66617,268.73218,20515.21,668.1701,11.056912,1668.8948,4310.9043,29402.93,118181.234,57.60935,2910.8772,118237.51,4280.0957,68.49967,136501.36,8.814098,12029.612,291625.75,574.02826,22199.018,27896.975,18776.148,11977.366,3.6285376E7,16524.72,198243.86,46000.0,92000.0,92000.0,92000.0,92000.0,92000.0
68.0,19.05464,1854.7009,12979.615,41.506718,2729.8572,935.0391,3727.1433,26698.807,946.7965,49.44269,1515.0437,55783.1,359.5949,9766.814,39.15999,0.65611905,5.5196958,12842.374,8458.733,8102.381,57.63583,146.28816,20678.945,758.36694,10.078196,1846.2166,3884.2463,32314.783,136992.4,36.667446,1308.1422,115892.016,3521.8337,682.6037,104967.72,10.0207405,14657.254,309966.03,438.03186,18188.148,15783.742,33563.36,11977.366,3.6285376E7,16524.72,198243.86,46000.0,92000.0,92000.0,92000.0,92000.0,92000.0
69.0,20.351973,1479.391,13152.406,22.980173,2747.0723,1028.1097,1690.2672,26354.502,718.3242,46.15097,831.7491,55433.543,314.63397,8914.208,56.769615,0.7674441,18.87949,13022.138,8744.564,7332.4507,150.93678,170.21518,19180.846,933.7729,10.784316,1486.8131,4829.434,11815.681,142015.36,43.1463,1168.9722,98893.48,2724.1047,501.5199,94328.95,3.2719028,13694.511,322678.5,451.77243,22292.494,15698.008,36329.723,11977.366,3.6285376E7,16524.72,198243.86,46000.0,92000.0,92000.0,92000.0,92000.0,92000.0
70.0,24.123726,1380.3237,14112.489,54.51422,2763.4834,1340.095,2459.8787,23002.184,652.3717,37.858765,644.77454,47611.07,845.8091,9706.546,19.206121,0.6315805,38.558723,13227.602,13260.18,6944.8657,148.16956,266.26712,20091.701,1038.8611,21.695646,2345.5447,4382.2173,6296.6216,128153.54,30.598112,471.53085,87358.805,2440.3972,803.48175,85783.336,7.1489615,14218.178,320624.94,657.7274,21704.266,18051.896,36945.42,11977.366,3.6285376E7,16524.72,198243.86,46000.0,92000.0,92000.0,92000.0,92000.0,92000.0
