"Predation (Mpred), Starvation (Mstarv), Additional mortality (Madd), Fishing (F) & Out-of-domain (Z) mortality rates per time step of saving and per size class. Z is the total mortality for migratory fish outside the simulation grid. To get annual mortality rates, sum the mortality rates within one year."
"Time","Size","Mpred","Mstar","Mnat","F","Z","Mfor"
1.0,0.0,1.048829,0.07542816,12.787462,0.0,0.0,0.0,0.0
1.0,10.0,0.20483041,0.100436926,0.06950038,0.0,0.0,0.0,0.0
1.0,20.0,0.09812862,0.012278953,0.014245844,0.0,0.0,0.0,0.0
1.0,30.0,0.0,0.0,0.0,0.0,0.0,0.0,0.0
1.0,40.0,0.0,0.0,0.0,0.0,0.0,0.0,0.0
1.0,50.0,0.0,0.0,0.0,0.0,0.0,0.0,0.0
1.0,60.0,0.0,0.0,0.0,0.0,0.0,0.0,0.0
1.0,70.0,0.0,0.0,0.0,0.0,0.0,0.0,0.0
1.0,80.0,0.0,0.0,0.0,0.0,0.0,0.0,0.0
1.0,90.0,0.0,0.0,0.0,0.0,0.0,0.0,0.0
1.0,100.0,0.0,0.0,0.0,0.0,0.0,0.0,0.0
1.0,110.0,0.0,0.0,0.0,0.0,0.0,0.0,0.0
1.0,120.0,0.0,0.0,0.0,0.0,0.0,0.0,0.0
1.0,130.0,0.0,0.0,0.0,0.0,0.0,0.0,0.0
1.0,140.0,0.0,0.0,0.0,0.0,0.0,0.0,0.0
1.0,150.0,0.0,0.0,0.0,0.0,0.0,0.0,0.0
1.0,160.0,0.0,0.0,0.0,0.0,0.0,0.0,0.0
1.0,170.0,0.0,0.0,0.0,0.0,0.0,0.0,0.0
1.0,180.0,0.0,0.0,0.0,0.0,0.0,0.0,0.0
1.0,190.0,0.0,0.0,0.0,0.0,0.0,0.0,0.0
2.0,0.0,3.3747332,0.114944294,15.8009615,0.0,0.0,0.0,0.0
2.0,10.0,2.2706382,0.21469176,0.08695735,0.0,0.0,0.0,0.0
2.0,20.0,2.0681968,0.119120084,0.09355341,0.0,0.0,0.0,0.0
2.0,30.0,0.0,0.0,0.0,0.0,0.0,0.0,0.0
2.0,40.0,0.0,0.0,0.0,0.0,0.0,0.0,0.0
2.0,50.0,0.0,0.0,0.0,0.0,0.0,0.0,0.0
2.0,60.0,0.0,0.0,0.0,0.0,0.0,0.0,0.0
2.0,70.0,0.0,0.0,0.0,0.0,0.0,0.0,0.0
2.0,80.0,0.0,0.0,0.0,0.0,0.0,0.0,0.0
2.0,90.0,0.0,0.0,0.0,0.0,0.0,0.0,0.0
2.0,100.0,0.0,0.0,0.0,0.0,0.0,0.0,0.0
2.0,110.0,0.0,0.0,0.0,0.0,0.0,0.0,0.0
2.0,120.0,0.0,0.0,0.0,0.0,0.0,0.0,0.0
2.0,130.0,0.0,0.0,0.0,0.0,0.0,0.0,0.0
2.0,140.0,0.0,0.0,0.0,0.0,0.0,0.0,0.0
2.0,150.0,0.0,0.0,0.0,0.0,0.0,0.0,0.0
2.0,160.0,0.0,0.0,0.0,0.0,0.0,0.0,0.0
2.0,170.0,0.0,0.0,0.0,0.0,0.0,0.0,0.0
2.0,180.0,0.0,0.0,0.0,0.0,0.0,0.0,0.0
2.0,190.0,0.0,0.0,0.0,0.0,0.0,0.0,0.0
3.0,0.0,2.790732,0.11046577,14.037736,0.0,0.0,0.0,0.0
3.0,10.0,2.0090096,0.1969823,0.09368779,0.0,0.0,0.0,0.0
3.0,20.0,1.9393617,0.20094573,0.09330129,0.0,0.0,0.0,0.0
3.0,30.0,0.66438967,0.0,0.48738357,0.0,0.0,0.0,0.0
3.0,40.0,0.0,0.0,0.0,0.0,0.0,0.0,0.0
3.0,50.0,0.0,0.0,0.0,0.0,0.0,0.0,0.0
3.0,60.0,0.0,0.0,0.0,0.0,0.0,0.0,0.0
3.0,70.0,0.0,0.0,0.0,0.0,0.0,0.0,0.0
3.0,80.0,0.0,0.0,0.0,0.0,0.0,0.0,0.0
3.0,90.0,0.0,0.0,0.0,0.0,0.0,0.0,0.0
3.0,100.0,0.0,0.0,0.0,0.0,0.0,0.0,0.0
3.0,110.0,0.0,0.0,0.0,0.0,0.0,0.0,0.0
3.0,120.0,0.0,0.0,0.0,0.0,0.0,0.0,0.0
3.0,130.0,0.0,0.0,0.0,0.0,0.0,0.0,0.0
3.0,140.0,0.0,0.0,0.0,0.0,0.0,0.0,0.0
3.0,150.0,0.0,0.0,0.0,0.0,0.0,0.0,0.0
3.0,160.0,0.0,0.0,0.0,0.0,0.0,0.0,0.0
3.0,170.0,0.0,0.0,0.0,0.0,0.0,0.0,0.0
3.0,180.0,0.0,0.0,0.0,0.0,0.0,0.0,0.0
3.0,190.0,0.0,0.0,0.0,0.0,0.0,0.0,0.0
4.0,0.0,1.8759676,0.12992945,11.977427,0.0,0.0,0.0,0.0
4.0,10.0,2.4618914,0.1649053,0.08867825,0.0,0.0,0.0,0.0
4.0,20.0,0.6387119,0.033490885,0.092272185,0.0,0.0,0.0,0.0
4.0,30.0,0.8961009,0.0,0.10406205,0.0,0.0,0.0,0.0
4.0,40.0,0.0,0.0,0.0,0.0,0.0,0.0,0.0
4.0,50.0,0.0,0.0,0.0,0.0,0.0,0.0,0.0
4.0,60.0,0.0,0.0,0.0,0.0,0.0,0.0,0.0
4.0,70.0,0.0,0.0,0.0,0.0,0.0,0.0,0.0
4.0,80.0,0.0,0.0,0.0,0.0,0.0,0.0,0.0
4.0,90.0,0.0,0.0,0.0,0.0,0.0,0.0,0.0
4.0,100.0,0.0,0.0,0.0,0.0,0.0,0.0,0.0
4.0,110.0,0.0,0.0,0.0,0.0,0.0,0.0,0.0
4.0,120.0,0.0,0.0,0.0,0.0,0.0,0.0,0.0
4.0,130.0,0.0,0.0,0.0,0.0,0.0,0.0,0.0
4.0,140.0,0.0,0.0,0.0,0.0,0.0,0.0,0.0
4.0,150.0,0.0,0.0,0.0,0.0,0.0,0.0,0.0
4.0,160.0,0.0,0.0,0.0,0.0,0.0,0.0,0.0
4.0,170.0,0.0,0.0,0.0,0.0,0.0,0.0,0.0
4.0,180.0,0.0,0.0,0.0,0.0,0.0,0.0,0.0
4.0,190.0,0.0,0.0,0.0,0.0,0.0,0.0,0.0
5.0,0.0,NaN,NaN,NaN,NaN,NaN,NaN,NaN
5.0,10.0,2.572358,0.09747711,0.09270041,0.0,0.0,0.0,0.0
5.0,20.0,1.4752386,0.024532123,0.087030284,0.0,0.0,0.0,0.0
5.0,30.0,2.6077337,0.0,0.093265235,0.0,0.0,0.0,0.0
5.0,40.0,0.0,0.0,0.0,0.0,0.0,0.0,0.0
5.0,50.0,0.0,0.0,0.0,0.0,0.0,0.0,0.0
5.0,60.0,0.0,0.0,0.0,0.0,0.0,0.0,0.0
5.0,70.0,0.0,0.0,0.0,0.0,0.0,0.0,0.0
5.0,80.0,0.0,0.0,0.0,0.0,0.0,0.0,0.0
5.0,90.0,0.0,0.0,0.0,0.0,0.0,0.0,0.0
5.0,100.0,0.0,0.0,0.0,0.0,0.0,0.0,0.0
5.0,110.0,0.0,0.0,0.0,0.0,0.0,0.0,0.0
5.0,120.0,0.0,0.0,0.0,0.0,0.0,0.0,0.0
5.0,130.0,0.0,0.0,0.0,0.0,0.0,0.0,0.0
5.0,140.0,0.0,0.0,0.0,0.0,0.0,0.0,0.0
5.0,150.0,0.0,0.0,0.0,0.0,0.0,0.0,0.0
5.0,160.0,0.0,0.0,0.0,0.0,0.0,0.0,0.0
5.0,170.0,0.0,0.0,0.0,0.0,0.0,0.0,0.0
5.0,180.0,0.0,0.0,0.0,0.0,0.0,0.0,0.0
5.0,190.0,0.0,0.0,0.0,0.0,0.0,0.0,0.0
6.0,0.0,NaN,NaN,NaN,NaN,NaN,NaN,NaN
6.0,10.0,2.2329466,0.050867587,0.09478759,0.0,0.0,0.0,0.0
6.0,20.0,1.0174613,0.014307214,0.09537529,0.0,0.0,0.0,0.0
6.0,30.0,0.06394597,0.0,0.112054445,0.0,0.0,0.0,0.0
6.0,40.0,0.0,0.0,0.0,0.0,0.0,0.0,0.0
6.0,50.0,0.0,0.0,0.0,0.0,0.0,0.0,0.0
6.0,60.0,0.0,0.0,0.0,0.0,0.0,0.0,0.0
6.0,70.0,0.0,0.0,0.0,0.0,0.0,0.0,0.0
6.0,80.0,0.0,0.0,0.0,0.0,0.0,0.0,0.0
6.0,90.0,0.0,0.0,0.0,0.0,0.0,0.0,0.0
6.0,100.0,0.0,0.0,0.0,0.0,0.0,0.0,0.0
6.0,110.0,0.0,0.0,0.0,0.0,0.0,0.0,0.0
6.0,120.0,0.0,0.0,0.0,0.0,0.0,0.0,0.0
6.0,130.0,0.0,0.0,0.0,0.0,0.0,0.0,0.0
6.0,140.0,0.0,0.0,0.0,0.0,0.0,0.0,0.0
6.0,150.0,0.0,0.0,0.0,0.0,0.0,0.0,0.0
6.0,160.0,0.0,0.0,0.0,0.0,0.0,0.0,0.0
6.0,170.0,0.0,0.0,0.0,0.0,0.0,0.0,0.0
6.0,180.0,0.0,0.0,0.0,0.0,0.0,0.0,0.0
6.0,190.0,0.0,0.0,0.0,0.0,0.0,0.0,0.0
7.0,0.0,NaN,NaN,NaN,NaN,NaN,NaN,NaN
7.0,10.0,2.8456361,0.04941622,0.097419776,0.0,0.0,0.0,0.0
7.0,20.0,1.8769867,0.0110441,0.093742214,0.0,0.0,0.0,0.0
7.0,30.0,0.10496681,0.010822296,0.12485295,0.0,0.0,0.0,0.0
7.0,40.0,0.0,0.0,0.0,0.0,0.0,0.0,0.0
7.0,50.0,0.0,0.0,0.0,0.0,0.0,0.0,0.0
7.0,60.0,0.0,0.0,0.0,0.0,0.0,0.0,0.0
7.0,70.0,0.0,0.0,0.0,0.0,0.0,0.0,0.0
7.0,80.0,0.0,0.0,0.0,0.0,0.0,0.0,0.0
7.0,90.0,0.0,0.0,0.0,0.0,0.0,0.0,0.0
7.0,100.0,0.0,0.0,0.0,0.0,0.0,0.0,0.0
7.0,110.0,0.0,0.0,0.0,0.0,0.0,0.0,0.0
7.0,120.0,0.0,0.0,0.0,0.0,0.0,0.0,0.0
7.0,130.0,0.0,0.0,0.0,0.0,0.0,0.0,0.0
7.0,140.0,0.0,0.0,0.0,0.0,0.0,0.0,0.0
7.0,150.0,0.0,0.0,0.0,0.0,0.0,0.0,0.0
7.0,160.0,0.0,0.0,0.0,0.0,0.0,0.0,0.0
7.0,170.0,0.0,0.0,0.0,0.0,0.0,0.0,0.0
7.0,180.0,0.0,0.0,0.0,0.0,0.0,0.0,0.0
7.0,190.0,0.0,0.0,0.0,0.0,0.0,0.0,0.0
8.0,0.0,2.6048555,0.043173578,15.625022,0.0,0.0,0.0,0.0
8.0,10.0,1.8758286,0.060617555,0.097207606,0.0,0.0,0.0,0.0
8.0,20.0,1.2580224,0.015180078,0.09095215,0.0,0.0,0.0,0.0
8.0,30.0,0.59875184,0.0,0.08919075,0.0,0.0,0.0,0.0
8.0,40.0,0.0,0.0,0.0,0.0,0.0,0.0,0.0
8.0,50.0,0.0,0.0,0.0,0.0,0.0,0.0,0.0
8.0,60.0,0.0,0.0,0.0,0.0,0.0,0.0,0.0
8.0,70.0,0.0,0.0,0.0,0.0,0.0,0.0,0.0
8.0,80.0,0.0,0.0,0.0,0.0,0.0,0.0,0.0
8.0,90.0,0.0,0.0,0.0,0.0,0.0,0.0,0.0
8.0,100.0,0.0,0.0,0.0,0.0,0.0,0.0,0.0
8.0,110.0,0.0,0.0,0.0,0.0,0.0,0.0,0.0
8.0,120.0,0.0,0.0,0.0,0.0,0.0,0.0,0.0
8.0,130.0,0.0,0.0,0.0,0.0,0.0,0.0,0.0
8.0,140.0,0.0,0.0,0.0,0.0,0.0,0.0,0.0
8.0,150.0,0.0,0.0,0.0,0.0,0.0,0.0,0.0
8.0,160.0,0.0,0.0,0.0,0.0,0.0,0.0,0.0
8.0,170.0,0.0,0.0,0.0,0.0,0.0,0.0,0.0
8.0,180.0,0.0,0.0,0.0,0.0,0.0,0.0,0.0
8.0,190.0,0.0,0.0,0.0,0.0,0.0,0.0,0.0
9.0,0.0,2.3627818,0.012196837,15.11836,0.0,0.0,0.0,0.0
9.0,10.0,3.0542092,0.085276835,0.095041685,0.0,0.0,0.0,0.0
9.0,20.0,1.2897098,0.021457147,0.08696131,0.0,0.0,0.0,0.0
9.0,30.0,2.3093684,0.0066193994,0.10081164,0.0,0.0,0.0,0.0
9.0,40.0,0.0,0.0,0.0,0.0,0.0,0.0,0.0
9.0,50.0,0.0,0.0,0.0,0.0,0.0,0.0,0.0
9.0,60.0,0.0,0.0,0.0,0.0,0.0,0.0,0.0
9.0,70.0,0.0,0.0,0.0,0.0,0.0,0.0,0.0
9.0,80.0,0.0,0.0,0.0,0.0,0.0,0.0,0.0
9.0,90.0,0.0,0.0,0.0,0.0,0.0,0.0,0.0
9.0,100.0,0.0,0.0,0.0,0.0,0.0,0.0,0.0
9.0,110.0,0.0,0.0,0.0,0.0,0.0,0.0,0.0
9.0,120.0,0.0,0.0,0.0,0.0,0.0,0.0,0.0
9.0,130.0,0.0,0.0,0.0,0.0,0.0,0.0,0.0
9.0,140.0,0.0,0.0,0.0,0.0,0.0,0.0,0.0
9.0,150.0,0.0,0.0,0.0,0.0,0.0,0.0,0.0
9.0,160.0,0.0,0.0,0.0,0.0,0.0,0.0,0.0
9.0,170.0,0.0,0.0,0.0,0.0,0.0,0.0,0.0
9.0,180.0,0.0,0.0,0.0,0.0,0.0,0.0,0.0
9.0,190.0,0.0,0.0,0.0,0.0,0.0,0.0,0.0
10.0,0.0,2.1645086,1.11305835E-5,14.866705,0.0,0.0,0.0,0.0
10.0,10.0,2.3030334,0.05788565,0.09907222,0.0,0.0,0.0,0.0
10.0,20.0,1.5959494,0.054634597,0.095613204,0.0,0.0,0.0,0.0
10.0,30.0,0.38439822,0.00306575,0.09400305,0.0,0.0,0.0,0.0
10.0,40.0,0.0,0.0,0.0,0.0,0.0,0.0,0.0
10.0,50.0,0.0,0.0,0.0,0.0,0.0,0.0,0.0
10.0,60.0,0.0,0.0,0.0,0.0,0.0,0.0,0.0
10.0,70.0,0.0,0.0,0.0,0.0,0.0,0.0,0.0
10.0,80.0,0.0,0.0,0.0,0.0,0.0,0.0,0.0
10.0,90.0,0.0,0.0,0.0,0.0,0.0,0.0,0.0
10.0,100.0,0.0,0.0,0.0,0.0,0.0,0.0,0.0
10.0,110.0,0.0,0.0,0.0,0.0,0.0,0.0,0.0
10.0,120.0,0.0,0.0,0.0,0.0,0.0,0.0,0.0
10.0,130.0,0.0,0.0,0.0,0.0,0.0,0.0,0.0
10.0,140.0,0.0,0.0,0.0,0.0,0.0,0.0,0.0
10.0,150.0,0.0,0.0,0.0,0.0,0.0,0.0,0.0
10.0,160.0,0.0,0.0,0.0,0.0,0.0,0.0,0.0
10.0,170.0,0.0,0.0,0.0,0.0,0.0,0.0,0.0
10.0,180.0,0.0,0.0,0.0,0.0,0.0,0.0,0.0
10.0,190.0,0.0,0.0,0.0,0.0,0.0,0.0,0.0
11.0,0.0,NaN,NaN,NaN,NaN,NaN,NaN,NaN
11.0,10.0,2.41911,0.08096634,0.09347671,0.0,0.0,0.0,0.0
11.0,20.0,1.7817916,0.026666569,0.09130226,0.0,0.0,0.0,0.0
11.0,30.0,0.20809084,0.010928846,0.08881428,0.0,0.0,0.0,0.0
11.0,40.0,0.0,0.0,0.0,0.0,0.0,0.0,0.0
11.0,50.0,0.0,0.0,0.0,0.0,0.0,0.0,0.0
11.0,60.0,0.0,0.0,0.0,0.0,0.0,0.0,0.0
11.0,70.0,0.0,0.0,0.0,0.0,0.0,0.0,0.0
11.0,80.0,0.0,0.0,0.0,0.0,0.0,0.0,0.0
11.0,90.0,0.0,0.0,0.0,0.0,0.0,0.0,0.0
11.0,100.0,0.0,0.0,0.0,0.0,0.0,0.0,0.0
11.0,110.0,0.0,0.0,0.0,0.0,0.0,0.0,0.0
11.0,120.0,0.0,0.0,0.0,0.0,0.0,0.0,0.0
11.0,130.0,0.0,0.0,0.0,0.0,0.0,0.0,0.0
11.0,140.0,0.0,0.0,0.0,0.0,0.0,0.0,0.0
11.0,150.0,0.0,0.0,0.0,0.0,0.0,0.0,0.0
11.0,160.0,0.0,0.0,0.0,0.0,0.0,0.0,0.0
11.0,170.0,0.0,0.0,0.0,0.0,0.0,0.0,0.0
11.0,180.0,0.0,0.0,0.0,0.0,0.0,0.0,0.0
11.0,190.0,0.0,0.0,0.0,0.0,0.0,0.0,0.0
12.0,0.0,NaN,NaN,NaN,NaN,NaN,NaN,NaN
12.0,10.0,1.5349479,0.0712935,0.094459966,0.0,0.0,0.0,0.0
12.0,20.0,1.4671303,0.017345479,0.08988358,0.0,0.0,0.0,0.0
12.0,30.0,0.72638196,0.026119882,0.10685807,0.0,0.0,0.0,0.0
12.0,40.0,0.0,0.0,0.0,0.0,0.0,0.0,0.0
12.0,50.0,0.0,0.0,0.0,0.0,0.0,0.0,0.0
12.0,60.0,0.0,0.0,0.0,0.0,0.0,0.0,0.0
12.0,70.0,0.0,0.0,0.0,0.0,0.0,0.0,0.0
12.0,80.0,0.0,0.0,0.0,0.0,0.0,0.0,0.0
12.0,90.0,0.0,0.0,0.0,0.0,0.0,0.0,0.0
12.0,100.0,0.0,0.0,0.0,0.0,0.0,0.0,0.0
12.0,110.0,0.0,0.0,0.0,0.0,0.0,0.0,0.0
12.0,120.0,0.0,0.0,0.0,0.0,0.0,0.0,0.0
12.0,130.0,0.0,0.0,0.0,0.0,0.0,0.0,0.0
12.0,140.0,0.0,0.0,0.0,0.0,0.0,0.0,0.0
12.0,150.0,0.0,0.0,0.0,0.0,0.0,0.0,0.0
12.0,160.0,0.0,0.0,0.0,0.0,0.0,0.0,0.0
12.0,170.0,0.0,0.0,0.0,0.0,0.0,0.0,0.0
12.0,180.0,0.0,0.0,0.0,0.0,0.0,0.0,0.0
12.0,190.0,0.0,0.0,0.0,0.0,0.0,0.0,0.0
13.0,0.0,2.3037508,0.0,14.4441805,0.0,0.0,0.0,0.0
13.0,10.0,1.2820457,0.07690127,0.09294928,0.0,0.0,0.0,0.0
13.0,20.0,1.3499494,0.016696211,0.09341205,0.0,0.0,0.0,0.0
13.0,30.0,2.320101,0.0067481,0.09104676,0.0,0.0,0.0,0.0
13.0,40.0,0.0,0.0,0.0,0.0,0.0,0.0,0.0
13.0,50.0,0.0,0.0,0.0,0.0,0.0,0.0,0.0
13.0,60.0,0.0,0.0,0.0,0.0,0.0,0.0,0.0
13.0,70.0,0.0,0.0,0.0,0.0,0.0,0.0,0.0
13.0,80.0,0.0,0.0,0.0,0.0,0.0,0.0,0.0
13.0,90.0,0.0,0.0,0.0,0.0,0.0,0.0,0.0
13.0,100.0,0.0,0.0,0.0,0.0,0.0,0.0,0.0
13.0,110.0,0.0,0.0,0.0,0.0,0.0,0.0,0.0
13.0,120.0,0.0,0.0,0.0,0.0,0.0,0.0,0.0
13.0,130.0,0.0,0.0,0.0,0.0,0.0,0.0,0.0
13.0,140.0,0.0,0.0,0.0,0.0,0.0,0.0,0.0
13.0,150.0,0.0,0.0,0.0,0.0,0.0,0.0,0.0
13.0,160.0,0.0,0.0,0.0,0.0,0.0,0.0,0.0
13.0,170.0,0.0,0.0,0.0,0.0,0.0,0.0,0.0
13.0,180.0,0.0,0.0,0.0,0.0,0.0,0.0,0.0
13.0,190.0,0.0,0.0,0.0,0.0,0.0,0.0,0.0
14.0,0.0,2.4223714,4.6337145E-6,15.3693075,0.0,0.0,0.0,0.0
14.0,10.0,1.0208267,0.09814626,0.09030662,0.0,0.0,0.0,0.0
14.0,20.0,0.9555467,0.023698661,0.0901267,0.0,0.0,0.0,0.0
14.0,30.0,1.4548606,0.0,0.14528711,0.0,0.0,0.0,0.0
14.0,40.0,0.0,0.0,0.0,0.0,0.0,0.0,0.0
14.0,50.0,0.0,0.0,0.0,0.0,0.0,0.0,0.0
14.0,60.0,0.0,0.0,0.0,0.0,0.0,0.0,0.0
14.0,70.0,0.0,0.0,0.0,0.0,0.0,0.0,0.0
14.0,80.0,0.0,0.0,0.0,0.0,0.0,0.0,0.0
14.0,90.0,0.0,0.0,0.0,0.0,0.0,0.0,0.0
14.0,100.0,0.0,0.0,0.0,0.0,0.0,0.0,0.0
14.0,110.0,0.0,0.0,0.0,0.0,0.0,0.0,0.0
14.0,120.0,0.0,0.0,0.0,0.0,0.0,0.0,0.0
14.0,130.0,0.0,0.0,0.0,0.0,0.0,0.0,0.0
14.0,140.0,0.0,0.0,0.0,0.0,0.0,0.0,0.0
14.0,150.0,0.0,0.0,0.0,0.0,0.0,0.0,0.0
14.0,160.0,0.0,0.0,0.0,0.0,0.0,0.0,0.0
14.0,170.0,0.0,0.0,0.0,0.0,0.0,0.0,0.0
14.0,180.0,0.0,0.0,0.0,0.0,0.0,0.0,0.0
14.0,190.0,0.0,0.0,0.0,0.0,0.0,0.0,0.0
15.0,0.0,NaN,NaN,NaN,NaN,NaN,NaN,NaN
15.0,10.0,1.3264519,0.092364796,0.088966615,0.0,0.0,0.0,0.0
15.0,20.0,0.95063585,0.028072856,0.09364282,0.0,0.0,0.0,0.0
15.0,30.0,3.8259468,5.342832E-4,0.093028285,0.0,0.0,0.0,0.0
15.0,40.0,0.0,0.0,0.0,0.0,0.0,0.0,0.0
15.0,50.0,0.0,0.0,0.0,0.0,0.0,0.0,0.0
15.0,60.0,0.0,0.0,0.0,0.0,0.0,0.0,0.0
15.0,70.0,0.0,0.0,0.0,0.0,0.0,0.0,0.0
15.0,80.0,0.0,0.0,0.0,0.0,0.0,0.0,0.0
15.0,90.0,0.0,0.0,0.0,0.0,0.0,0.0,0.0
15.0,100.0,0.0,0.0,0.0,0.0,0.0,0.0,0.0
15.0,110.0,0.0,0.0,0.0,0.0,0.0,0.0,0.0
15.0,120.0,0.0,0.0,0.0,0.0,0.0,0.0,0.0
15.0,130.0,0.0,0.0,0.0,0.0,0.0,0.0,0.0
15.0,140.0,0.0,0.0,0.0,0.0,0.0,0.0,0.0
15.0,150.0,0.0,0.0,0.0,0.0,0.0,0.0,0.0
15.0,160.0,0.0,0.0,0.0,0.0,0.0,0.0,0.0
15.0,170.0,0.0,0.0,0.0,0.0,0.0,0.0,0.0
15.0,180.0,0.0,0.0,0.0,0.0,0.0,0.0,0.0
15.0,190.0,0.0,0.0,0.0,0.0,0.0,0.0,0.0
16.0,0.0,2.6016123,1.7562594E-5,15.959928,0.0,0.0,0.0,0.0
16.0,10.0,1.5254914,0.08165109,0.08979365,0.0,0.0,0.0,0.0
16.0,20.0,1.1334556,0.028259447,0.0878604,0.0,0.0,0.0,0.0
16.0,30.0,1.2557151,0.21575752,1.7423466,0.0,0.0,0.0,0.0
16.0,40.0,0.0,0.0,0.0,0.0,0.0,0.0,0.0
16.0,50.0,0.0,0.0,0.0,0.0,0.0,0.0,0.0
16.0,60.0,0.0,0.0,0.0,0.0,0.0,0.0,0.0
16.0,70.0,0.0,0.0,0.0,0.0,0.0,0.0,0.0
16.0,80.0,0.0,0.0,0.0,0.0,0.0,0.0,0.0
16.0,90.0,0.0,0.0,0.0,0.0,0.0,0.0,0.0
16.0,100.0,0.0,0.0,0.0,0.0,0.0,0.0,0.0
16.0,110.0,0.0,0.0,0.0,0.0,0.0,0.0,0.0
16.0,120.0,0.0,0.0,0.0,0.0,0.0,0.0,0.0
16.0,130.0,0.0,0.0,0.0,0.0,0.0,0.0,0.0
16.0,140.0,0.0,0.0,0.0,0.0,0.0,0.0,0.0
16.0,150.0,0.0,0.0,0.0,0.0,0.0,0.0,0.0
16.0,160.0,0.0,0.0,0.0,0.0,0.0,0.0,0.0
16.0,170.0,0.0,0.0,0.0,0.0,0.0,0.0,0.0
16.0,180.0,0.0,0.0,0.0,0.0,0.0,0.0,0.0
16.0,190.0,0.0,0.0,0.0,0.0,0.0,0.0,0.0
17.0,0.0,2.7997391,0.0,16.735798,0.0,0.0,0.0,0.0
17.0,10.0,1.3948629,0.08304336,0.09230327,0.0,0.0,0.0,0.0
17.0,20.0,1.16113,0.02862154,0.09049728,0.0,0.0,0.0,0.0
17.0,30.0,2.0641813,0.001992675,0.123193905,0.0,0.0,0.0,0.0
17.0,40.0,0.0,0.0,0.0,0.0,0.0,0.0,0.0
17.0,50.0,0.0,0.0,0.0,0.0,0.0,0.0,0.0
17.0,60.0,0.0,0.0,0.0,0.0,0.0,0.0,0.0
17.0,70.0,0.0,0.0,0.0,0.0,0.0,0.0,0.0
17.0,80.0,0.0,0.0,0.0,0.0,0.0,0.0,0.0
17.0,90.0,0.0,0.0,0.0,0.0,0.0,0.0,0.0
17.0,100.0,0.0,0.0,0.0,0.0,0.0,0.0,0.0
17.0,110.0,0.0,0.0,0.0,0.0,0.0,0.0,0.0
17.0,120.0,0.0,0.0,0.0,0.0,0.0,0.0,0.0
17.0,130.0,0.0,0.0,0.0,0.0,0.0,0.0,0.0
17.0,140.0,0.0,0.0,0.0,0.0,0.0,0.0,0.0
17.0,150.0,0.0,0.0,0.0,0.0,0.0,0.0,0.0
17.0,160.0,0.0,0.0,0.0,0.0,0.0,0.0,0.0
17.0,170.0,0.0,0.0,0.0,0.0,0.0,0.0,0.0
17.0,180.0,0.0,0.0,0.0,0.0,0.0,0.0,0.0
17.0,190.0,0.0,0.0,0.0,0.0,0.0,0.0,0.0
18.0,0.0,5.243481,1.2255683E-4,16.521399,0.0,0.0,0.0,0.0
18.0,10.0,1.150442,0.09450469,0.09137073,0.0,0.0,0.0,0.0
18.0,20.0,1.2756621,0.014484894,0.08928534,0.0,0.0,0.0,0.0
18.0,30.0,0.6278564,0.006624819,0.10900745,0.0,0.0,0.0,0.0
18.0,40.0,0.0,0.0,0.0,0.0,0.0,0.0,0.0
18.0,50.0,0.0,0.0,0.0,0.0,0.0,0.0,0.0
18.0,60.0,0.0,0.0,0.0,0.0,0.0,0.0,0.0
18.0,70.0,0.0,0.0,0.0,0.0,0.0,0.0,0.0
18.0,80.0,0.0,0.0,0.0,0.0,0.0,0.0,0.0
18.0,90.0,0.0,0.0,0.0,0.0,0.0,0.0,0.0
18.0,100.0,0.0,0.0,0.0,0.0,0.0,0.0,0.0
18.0,110.0,0.0,0.0,0.0,0.0,0.0,0.0,0.0
18.0,120.0,0.0,0.0,0.0,0.0,0.0,0.0,0.0
18.0,130.0,0.0,0.0,0.0,0.0,0.0,0.0,0.0
18.0,140.0,0.0,0.0,0.0,0.0,0.0,0.0,0.0
18.0,150.0,0.0,0.0,0.0,0.0,0.0,0.0,0.0
18.0,160.0,0.0,0.0,0.0,0.0,0.0,0.0,0.0
18.0,170.0,0.0,0.0,0.0,0.0,0.0,0.0,0.0
18.0,180.0,0.0,0.0,0.0,0.0,0.0,0.0,0.0
18.0,190.0,0.0,0.0,0.0,0.0,0.0,0.0,0.0
19.0,0.0,NaN,NaN,NaN,NaN,NaN,NaN,NaN
19.0,10.0,0.7978459,0.09531607,0.08903492,0.0,0.0,0.0,0.0
19.0,20.0,0.74788225,0.03009036,0.091327965,0.0,0.0,0.0,0.0
19.0,30.0,0.40121573,0.019421982,0.124484316,0.0,0.0,0.0,0.0
19.0,40.0,0.0,0.0,0.0,0.0,0.0,0.0,0.0
19.0,50.0,0.0,0.0,0.0,0.0,0.0,0.0,0.0
19.0,60.0,0.0,0.0,0.0,0.0,0.0,0.0,0.0
19.0,70.0,0.0,0.0,0.0,0.0,0.0,0.0,0.0
19.0,80.0,0.0,0.0,0.0,0.0,0.0,0.0,0.0
19.0,90.0,0.0,0.0,0.0,0.0,0.0,0.0,0.0
19.0,100.0,0.0,0.0,0.0,0.0,0.0,0.0,0.0
19.0,110.0,0.0,0.0,0.0,0.0,0.0,0.0,0.0
19.0,120.0,0.0,0.0,0.0,0.0,0.0,0.0,0.0
19.0,130.0,0.0,0.0,0.0,0.0,0.0,0.0,0.0
19.0,140.0,0.0,0.0,0.0,0.0,0.0,0.0,0.0
19.0,150.0,0.0,0.0,0.0,0.0,0.0,0.0,0.0
19.0,160.0,0.0,0.0,0.0,0.0,0.0,0.0,0.0
19.0,170.0,0.0,0.0,0.0,0.0,0.0,0.0,0.0
19.0,180.0,0.0,0.0,0.0,0.0,0.0,0.0,0.0
19.0,190.0,0.0,0.0,0.0,0.0,0.0,0.0,0.0
20.0,0.0,NaN,NaN,NaN,NaN,NaN,NaN,NaN
20.0,10.0,1.2262833,0.082226545,0.088733844,0.0,0.0,0.0,0.0
20.0,20.0,0.98112315,0.031224255,0.088231735,0.0,0.0,0.0,0.0
20.0,30.0,1.0158945,0.0018679744,0.13733026,0.0,0.0,0.0,0.0
20.0,40.0,0.0,0.0,0.0,0.0,0.0,0.0,0.0
20.0,50.0,0.0,0.0,0.0,0.0,0.0,0.0,0.0
20.0,60.0,0.0,0.0,0.0,0.0,0.0,0.0,0.0
20.0,70.0,0.0,0.0,0.0,0.0,0.0,0.0,0.0
20.0,80.0,0.0,0.0,0.0,0.0,0.0,0.0,0.0
20.0,90.0,0.0,0.0,0.0,0.0,0.0,0.0,0.0
20.0,100.0,0.0,0.0,0.0,0.0,0.0,0.0,0.0
20.0,110.0,0.0,0.0,0.0,0.0,0.0,0.0,0.0
20.0,120.0,0.0,0.0,0.0,0.0,0.0,0.0,0.0
20.0,130.0,0.0,0.0,0.0,0.0,0.0,0.0,0.0
20.0,140.0,0.0,0.0,0.0,0.0,0.0,0.0,0.0
20.0,150.0,0.0,0.0,0.0,0.0,0.0,0.0,0.0
20.0,160.0,0.0,0.0,0.0,0.0,0.0,0.0,0.0
20.0,170.0,0.0,0.0,0.0,0.0,0.0,0.0,0.0
20.0,180.0,0.0,0.0,0.0,0.0,0.0,0.0,0.0
20.0,190.0,0.0,0.0,0.0,0.0,0.0,0.0,0.0
21.0,0.0,NaN,NaN,NaN,NaN,NaN,NaN,NaN
21.0,10.0,0.87201315,0.09460922,0.090182796,0.0,0.0,0.0,0.0
21.0,20.0,1.0632848,0.026637709,0.09140308,0.0,0.0,0.0,0.0
21.0,30.0,1.2395473,0.017959956,0.099513546,0.0,0.0,0.0,0.0
21.0,40.0,0.0,0.0,0.0,0.0,0.0,0.0,0.0
21.0,50.0,0.0,0.0,0.0,0.0,0.0,0.0,0.0
21.0,60.0,0.0,0.0,0.0,0.0,0.0,0.0,0.0
21.0,70.0,0.0,0.0,0.0,0.0,0.0,0.0,0.0
21.0,80.0,0.0,0.0,0.0,0.0,0.0,0.0,0.0
21.0,90.0,0.0,0.0,0.0,0.0,0.0,0.0,0.0
21.0,100.0,0.0,0.0,0.0,0.0,0.0,0.0,0.0
21.0,110.0,0.0,0.0,0.0,0.0,0.0,0.0,0.0
21.0,120.0,0.0,0.0,0.0,0.0,0.0,0.0,0.0
21.0,130.0,0.0,0.0,0.0,0.0,0.0,0.0,0.0
21.0,140.0,0.0,0.0,0.0,0.0,0.0,0.0,0.0
21.0,150.0,0.0,0.0,0.0,0.0,0.0,0.0,0.0
21.0,160.0,0.0,0.0,0.0,0.0,0.0,0.0,0.0
21.0,170.0,0.0,0.0,0.0,0.0,0.0,0.0,0.0
21.0,180.0,0.0,0.0,0.0,0.0,0.0,0.0,0.0
21.0,190.0,0.0,0.0,0.0,0.0,0.0,0.0,0.0
22.0,0.0,3.4488971,0.055067472,17.976831,0.0,0.0,0.0,0.0
22.0,10.0,0.93529755,0.08570663,0.08727803,0.0,0.0,0.0,0.0
22.0,20.0,1.00678,0.025627976,0.09524066,0.0,0.0,0.0,0.0
22.0,30.0,1.8160683,0.006142027,0.088569574,0.0,0.0,0.0,0.0
22.0,40.0,0.0,0.0,0.0,0.0,0.0,0.0,0.0
22.0,50.0,0.0,0.0,0.0,0.0,0.0,0.0,0.0
22.0,60.0,0.0,0.0,0.0,0.0,0.0,0.0,0.0
22.0,70.0,0.0,0.0,0.0,0.0,0.0,0.0,0.0
22.0,80.0,0.0,0.0,0.0,0.0,0.0,0.0,0.0
22.0,90.0,0.0,0.0,0.0,0.0,0.0,0.0,0.0
22.0,100.0,0.0,0.0,0.0,0.0,0.0,0.0,0.0
22.0,110.0,0.0,0.0,0.0,0.0,0.0,0.0,0.0
22.0,120.0,0.0,0.0,0.0,0.0,0.0,0.0,0.0
22.0,130.0,0.0,0.0,0.0,0.0,0.0,0.0,0.0
22.0,140.0,0.0,0.0,0.0,0.0,0.0,0.0,0.0
22.0,150.0,0.0,0.0,0.0,0.0,0.0,0.0,0.0
22.0,160.0,0.0,0.0,0.0,0.0,0.0,0.0,0.0
22.0,170.0,0.0,0.0,0.0,0.0,0.0,0.0,0.0
22.0,180.0,0.0,0.0,0.0,0.0,0.0,0.0,0.0
22.0,190.0,0.0,0.0,0.0,0.0,0.0,0.0,0.0
23.0,0.0,3.082948,0.07766935,17.826517,0.0,0.0,0.0,0.0
23.0,10.0,1.2364169,0.09242092,0.09143316,0.0,0.0,0.0,0.0
23.0,20.0,0.8271503,0.020727055,0.08838972,0.0,0.0,0.0,0.0
23.0,30.0,0.98342633,0.007369608,0.12190854,0.0,0.0,0.0,0.0
23.0,40.0,0.0,0.0,0.0,0.0,0.0,0.0,0.0
23.0,50.0,0.0,0.0,0.0,0.0,0.0,0.0,0.0
23.0,60.0,0.0,0.0,0.0,0.0,0.0,0.0,0.0
23.0,70.0,0.0,0.0,0.0,0.0,0.0,0.0,0.0
23.0,80.0,0.0,0.0,0.0,0.0,0.0,0.0,0.0
23.0,90.0,0.0,0.0,0.0,0.0,0.0,0.0,0.0
23.0,100.0,0.0,0.0,0.0,0.0,0.0,0.0,0.0
23.0,110.0,0.0,0.0,0.0,0.0,0.0,0.0,0.0
23.0,120.0,0.0,0.0,0.0,0.0,0.0,0.0,0.0
23.0,130.0,0.0,0.0,0.0,0.0,0.0,0.0,0.0
23.0,140.0,0.0,0.0,0.0,0.0,0.0,0.0,0.0
23.0,150.0,0.0,0.0,0.0,0.0,0.0,0.0,0.0
23.0,160.0,0.0,0.0,0.0,0.0,0.0,0.0,0.0
23.0,170.0,0.0,0.0,0.0,0.0,0.0,0.0,0.0
23.0,180.0,0.0,0.0,0.0,0.0,0.0,0.0,0.0
23.0,190.0,0.0,0.0,0.0,0.0,0.0,0.0,0.0
24.0,0.0,NaN,NaN,NaN,NaN,NaN,NaN,NaN
24.0,10.0,0.76690114,0.08883879,0.0898499,0.0,0.0,0.0,0.0
24.0,20.0,0.8161368,0.032200754,0.08848778,0.0,0.0,0.0,0.0
24.0,30.0,1.2553966,0.010353846,0.6126443,0.0,0.0,0.0,0.0
24.0,40.0,0.0,0.0,0.0,0.0,0.0,0.0,0.0
24.0,50.0,0.0,0.0,0.0,0.0,0.0,0.0,0.0
24.0,60.0,0.0,0.0,0.0,0.0,0.0,0.0,0.0
24.0,70.0,0.0,0.0,0.0,0.0,0.0,0.0,0.0
24.0,80.0,0.0,0.0,0.0,0.0,0.0,0.0,0.0
24.0,90.0,0.0,0.0,0.0,0.0,0.0,0.0,0.0
24.0,100.0,0.0,0.0,0.0,0.0,0.0,0.0,0.0
24.0,110.0,0.0,0.0,0.0,0.0,0.0,0.0,0.0
24.0,120.0,0.0,0.0,0.0,0.0,0.0,0.0,0.0
24.0,130.0,0.0,0.0,0.0,0.0,0.0,0.0,0.0
24.0,140.0,0.0,0.0,0.0,0.0,0.0,0.0,0.0
24.0,150.0,0.0,0.0,0.0,0.0,0.0,0.0,0.0
24.0,160.0,0.0,0.0,0.0,0.0,0.0,0.0,0.0
24.0,170.0,0.0,0.0,0.0,0.0,0.0,0.0,0.0
24.0,180.0,0.0,0.0,0.0,0.0,0.0,0.0,0.0
24.0,190.0,0.0,0.0,0.0,0.0,0.0,0.0,0.0
25.0,0.0,NaN,NaN,NaN,NaN,NaN,NaN,NaN
25.0,10.0,0.9503204,0.08601297,0.08938599,0.0,0.0,0.0,0.0
25.0,20.0,1.6265934,0.024923827,0.09538657,0.0,0.0,0.0,0.0
25.0,30.0,0.742007,0.3008189,0.2505067,0.0,0.0,0.0,0.0
25.0,40.0,0.0,0.0,0.0,0.0,0.0,0.0,0.0
25.0,50.0,0.0,0.0,0.0,0.0,0.0,0.0,0.0
25.0,60.0,0.0,0.0,0.0,0.0,0.0,0.0,0.0
25.0,70.0,0.0,0.0,0.0,0.0,0.0,0.0,0.0
25.0,80.0,0.0,0.0,0.0,0.0,0.0,0.0,0.0
25.0,90.0,0.0,0.0,0.0,0.0,0.0,0.0,0.0
25.0,100.0,0.0,0.0,0.0,0.0,0.0,0.0,0.0
25.0,110.0,0.0,0.0,0.0,0.0,0.0,0.0,0.0
25.0,120.0,0.0,0.0,0.0,0.0,0.0,0.0,0.0
25.0,130.0,0.0,0.0,0.0,0.0,0.0,0.0,0.0
25.0,140.0,0.0,0.0,0.0,0.0,0.0,0.0,0.0
25.0,150.0,0.0,0.0,0.0,0.0,0.0,0.0,0.0
25.0,160.0,0.0,0.0,0.0,0.0,0.0,0.0,0.0
25.0,170.0,0.0,0.0,0.0,0.0,0.0,0.0,0.0
25.0,180.0,0.0,0.0,0.0,0.0,0.0,0.0,0.0
25.0,190.0,0.0,0.0,0.0,0.0,0.0,0.0,0.0
26.0,0.0,NaN,NaN,NaN,NaN,NaN,NaN,NaN
26.0,10.0,1.1094712,0.080110006,0.09046907,0.0,0.0,0.0,0.0
26.0,20.0,0.4805598,0.033679705,0.08649727,0.0,0.0,0.0,0.0
26.0,30.0,0.59243405,0.014066666,0.10121635,0.0,0.0,0.0,0.0
26.0,40.0,0.0,0.0,0.0,0.0,0.0,0.0,0.0
26.0,50.0,0.0,0.0,0.0,0.0,0.0,0.0,0.0
26.0,60.0,0.0,0.0,0.0,0.0,0.0,0.0,0.0
26.0,70.0,0.0,0.0,0.0,0.0,0.0,0.0,0.0
26.0,80.0,0.0,0.0,0.0,0.0,0.0,0.0,0.0
26.0,90.0,0.0,0.0,0.0,0.0,0.0,0.0,0.0
26.0,100.0,0.0,0.0,0.0,0.0,0.0,0.0,0.0
26.0,110.0,0.0,0.0,0.0,0.0,0.0,0.0,0.0
26.0,120.0,0.0,0.0,0.0,0.0,0.0,0.0,0.0
26.0,130.0,0.0,0.0,0.0,0.0,0.0,0.0,0.0
26.0,140.0,0.0,0.0,0.0,0.0,0.0,0.0,0.0
26.0,150.0,0.0,0.0,0.0,0.0,0.0,0.0,0.0
26.0,160.0,0.0,0.0,0.0,0.0,0.0,0.0,0.0
26.0,170.0,0.0,0.0,0.0,0.0,0.0,0.0,0.0
26.0,180.0,0.0,0.0,0.0,0.0,0.0,0.0,0.0
26.0,190.0,0.0,0.0,0.0,0.0,0.0,0.0,0.0
27.0,0.0,NaN,NaN,NaN,NaN,NaN,NaN,NaN
27.0,10.0,1.2547883,0.06808816,0.0889238,0.0,0.0,0.0,0.0
27.0,20.0,0.8321237,0.029008994,0.090627104,0.0,0.0,0.0,0.0
27.0,30.0,2.646964,2.8648443E-4,0.10661678,0.0,0.0,0.0,0.0
27.0,40.0,0.0,0.0,0.0,0.0,0.0,0.0,0.0
27.0,50.0,0.0,0.0,0.0,0.0,0.0,0.0,0.0
27.0,60.0,0.0,0.0,0.0,0.0,0.0,0.0,0.0
27.0,70.0,0.0,0.0,0.0,0.0,0.0,0.0,0.0
27.0,80.0,0.0,0.0,0.0,0.0,0.0,0.0,0.0
27.0,90.0,0.0,0.0,0.0,0.0,0.0,0.0,0.0
27.0,100.0,0.0,0.0,0.0,0.0,0.0,0.0,0.0
27.0,110.0,0.0,0.0,0.0,0.0,0.0,0.0,0.0
27.0,120.0,0.0,0.0,0.0,0.0,0.0,0.0,0.0
27.0,130.0,0.0,0.0,0.0,0.0,0.0,0.0,0.0
27.0,140.0,0.0,0.0,0.0,0.0,0.0,0.0,0.0
27.0,150.0,0.0,0.0,0.0,0.0,0.0,0.0,0.0
27.0,160.0,0.0,0.0,0.0,0.0,0.0,0.0,0.0
27.0,170.0,0.0,0.0,0.0,0.0,0.0,0.0,0.0
27.0,180.0,0.0,0.0,0.0,0.0,0.0,0.0,0.0
27.0,190.0,0.0,0.0,0.0,0.0,0.0,0.0,0.0
28.0,0.0,NaN,NaN,NaN,NaN,NaN,NaN,NaN
28.0,10.0,0.81310433,0.07640955,0.09136912,0.0,0.0,0.0,0.0
28.0,20.0,0.4726729,0.027553953,0.08728685,0.0,0.0,0.0,0.0
28.0,30.0,NaN,NaN,NaN,NaN,NaN,NaN,NaN
28.0,40.0,0.0,0.0,0.0,0.0,0.0,0.0,0.0
28.0,50.0,0.0,0.0,0.0,0.0,0.0,0.0,0.0
28.0,60.0,0.0,0.0,0.0,0.0,0.0,0.0,0.0
28.0,70.0,0.0,0.0,0.0,0.0,0.0,0.0,0.0
28.0,80.0,0.0,0.0,0.0,0.0,0.0,0.0,0.0
28.0,90.0,0.0,0.0,0.0,0.0,0.0,0.0,0.0
28.0,100.0,0.0,0.0,0.0,0.0,0.0,0.0,0.0
28.0,110.0,0.0,0.0,0.0,0.0,0.0,0.0,0.0
28.0,120.0,0.0,0.0,0.0,0.0,0.0,0.0,0.0
28.0,130.0,0.0,0.0,0.0,0.0,0.0,0.0,0.0
28.0,140.0,0.0,0.0,0.0,0.0,0.0,0.0,0.0
28.0,150.0,0.0,0.0,0.0,0.0,0.0,0.0,0.0
28.0,160.0,0.0,0.0,0.0,0.0,0.0,0.0,0.0
28.0,170.0,0.0,0.0,0.0,0.0,0.0,0.0,0.0
28.0,180.0,0.0,0.0,0.0,0.0,0.0,0.0,0.0
28.0,190.0,0.0,0.0,0.0,0.0,0.0,0.0,0.0
29.0,0.0,NaN,NaN,NaN,NaN,NaN,NaN,NaN
29.0,10.0,0.9071021,0.09755691,0.08908523,0.0,0.0,0.0,0.0
29.0,20.0,1.1965172,0.028801812,0.090322874,0.0,0.0,0.0,0.0
29.0,30.0,0.30656204,0.00527055,0.09447945,0.0,0.0,0.0,0.0
29.0,40.0,0.0,0.0,0.0,0.0,0.0,0.0,0.0
29.0,50.0,0.0,0.0,0.0,0.0,0.0,0.0,0.0
29.0,60.0,0.0,0.0,0.0,0.0,0.0,0.0,0.0
29.0,70.0,0.0,0.0,0.0,0.0,0.0,0.0,0.0
29.0,80.0,0.0,0.0,0.0,0.0,0.0,0.0,0.0
29.0,90.0,0.0,0.0,0.0,0.0,0.0,0.0,0.0
29.0,100.0,0.0,0.0,0.0,0.0,0.0,0.0,0.0
29.0,110.0,0.0,0.0,0.0,0.0,0.0,0.0,0.0
29.0,120.0,0.0,0.0,0.0,0.0,0.0,0.0,0.0
29.0,130.0,0.0,0.0,0.0,0.0,0.0,0.0,0.0
29.0,140.0,0.0,0.0,0.0,0.0,0.0,0.0,0.0
29.0,150.0,0.0,0.0,0.0,0.0,0.0,0.0,0.0
29.0,160.0,0.0,0.0,0.0,0.0,0.0,0.0,0.0
29.0,170.0,0.0,0.0,0.0,0.0,0.0,0.0,0.0
29.0,180.0,0.0,0.0,0.0,0.0,0.0,0.0,0.0
29.0,190.0,0.0,0.0,0.0,0.0,0.0,0.0,0.0
30.0,0.0,NaN,NaN,NaN,NaN,NaN,NaN,NaN
30.0,10.0,0.61035496,0.085467935,0.08788821,0.0,0.0,0.0,0.0
30.0,20.0,0.7219378,0.03361301,0.091317564,0.0,0.0,0.0,0.0
30.0,30.0,0.25601542,6.42754E-5,0.094903514,0.0,0.0,0.0,0.0
30.0,40.0,0.0,0.0,0.0,0.0,0.0,0.0,0.0
30.0,50.0,0.0,0.0,0.0,0.0,0.0,0.0,0.0
30.0,60.0,0.0,0.0,0.0,0.0,0.0,0.0,0.0
30.0,70.0,0.0,0.0,0.0,0.0,0.0,0.0,0.0
30.0,80.0,0.0,0.0,0.0,0.0,0.0,0.0,0.0
30.0,90.0,0.0,0.0,0.0,0.0,0.0,0.0,0.0
30.0,100.0,0.0,0.0,0.0,0.0,0.0,0.0,0.0
30.0,110.0,0.0,0.0,0.0,0.0,0.0,0.0,0.0
30.0,120.0,0.0,0.0,0.0,0.0,0.0,0.0,0.0
30.0,130.0,0.0,0.0,0.0,0.0,0.0,0.0,0.0
30.0,140.0,0.0,0.0,0.0,0.0,0.0,0.0,0.0
30.0,150.0,0.0,0.0,0.0,0.0,0.0,0.0,0.0
30.0,160.0,0.0,0.0,0.0,0.0,0.0,0.0,0.0
30.0,170.0,0.0,0.0,0.0,0.0,0.0,0.0,0.0
30.0,180.0,0.0,0.0,0.0,0.0,0.0,0.0,0.0
30.0,190.0,0.0,0.0,0.0,0.0,0.0,0.0,0.0
31.0,0.0,3.2537596,0.049976904,17.98053,0.0,0.0,0.0,0.0
31.0,10.0,0.9900871,0.08434549,0.0892975,0.0,0.0,0.0,0.0
31.0,20.0,0.7848819,0.031738702,0.08747663,0.0,0.0,0.0,0.0
31.0,30.0,1.465912,0.007316433,0.109963186,0.0,0.0,0.0,0.0
31.0,40.0,0.0,0.0,0.0,0.0,0.0,0.0,0.0
31.0,50.0,0.0,0.0,0.0,0.0,0.0,0.0,0.0
31.0,60.0,0.0,0.0,0.0,0.0,0.0,0.0,0.0
31.0,70.0,0.0,0.0,0.0,0.0,0.0,0.0,0.0
31.0,80.0,0.0,0.0,0.0,0.0,0.0,0.0,0.0
31.0,90.0,0.0,0.0,0.0,0.0,0.0,0.0,0.0
31.0,100.0,0.0,0.0,0.0,0.0,0.0,0.0,0.0
31.0,110.0,0.0,0.0,0.0,0.0,0.0,0.0,0.0
31.0,120.0,0.0,0.0,0.0,0.0,0.0,0.0,0.0
31.0,130.0,0.0,0.0,0.0,0.0,0.0,0.0,0.0
31.0,140.0,0.0,0.0,0.0,0.0,0.0,0.0,0.0
31.0,150.0,0.0,0.0,0.0,0.0,0.0,0.0,0.0
31.0,160.0,0.0,0.0,0.0,0.0,0.0,0.0,0.0
31.0,170.0,0.0,0.0,0.0,0.0,0.0,0.0,0.0
31.0,180.0,0.0,0.0,0.0,0.0,0.0,0.0,0.0
31.0,190.0,0.0,0.0,0.0,0.0,0.0,0.0,0.0
32.0,0.0,NaN,NaN,NaN,NaN,NaN,NaN,NaN
32.0,10.0,0.55442286,0.08502587,0.08880275,0.0,0.0,0.0,0.0
32.0,20.0,0.6381631,0.025079895,0.0901142,0.0,0.0,0.0,0.0
32.0,30.0,0.22779907,0.0045625884,0.08696229,0.0,0.0,0.0,0.0
32.0,40.0,0.0,0.0,0.0,0.0,0.0,0.0,0.0
32.0,50.0,0.0,0.0,0.0,0.0,0.0,0.0,0.0
32.0,60.0,0.0,0.0,0.0,0.0,0.0,0.0,0.0
32.0,70.0,0.0,0.0,0.0,0.0,0.0,0.0,0.0
32.0,80.0,0.0,0.0,0.0,0.0,0.0,0.0,0.0
32.0,90.0,0.0,0.0,0.0,0.0,0.0,0.0,0.0
32.0,100.0,0.0,0.0,0.0,0.0,0.0,0.0,0.0
32.0,110.0,0.0,0.0,0.0,0.0,0.0,0.0,0.0
32.0,120.0,0.0,0.0,0.0,0.0,0.0,0.0,0.0
32.0,130.0,0.0,0.0,0.0,0.0,0.0,0.0,0.0
32.0,140.0,0.0,0.0,0.0,0.0,0.0,0.0,0.0
32.0,150.0,0.0,0.0,0.0,0.0,0.0,0.0,0.0
32.0,160.0,0.0,0.0,0.0,0.0,0.0,0.0,0.0
32.0,170.0,0.0,0.0,0.0,0.0,0.0,0.0,0.0
32.0,180.0,0.0,0.0,0.0,0.0,0.0,0.0,0.0
32.0,190.0,0.0,0.0,0.0,0.0,0.0,0.0,0.0
33.0,0.0,3.1702182,0.06045508,17.601906,0.0,0.0,0.0,0.0
33.0,10.0,0.9479676,0.08506384,0.0896123,0.0,0.0,0.0,0.0
33.0,20.0,1.0256652,0.04637996,0.089977615,0.0,0.0,0.0,0.0
33.0,30.0,0.5656421,0.008445809,0.09907108,0.0,0.0,0.0,0.0
33.0,40.0,0.0,0.0,0.0,0.0,0.0,0.0,0.0
33.0,50.0,0.0,0.0,0.0,0.0,0.0,0.0,0.0
33.0,60.0,0.0,0.0,0.0,0.0,0.0,0.0,0.0
33.0,70.0,0.0,0.0,0.0,0.0,0.0,0.0,0.0
33.0,80.0,0.0,0.0,0.0,0.0,0.0,0.0,0.0
33.0,90.0,0.0,0.0,0.0,0.0,0.0,0.0,0.0
33.0,100.0,0.0,0.0,0.0,0.0,0.0,0.0,0.0
33.0,110.0,0.0,0.0,0.0,0.0,0.0,0.0,0.0
33.0,120.0,0.0,0.0,0.0,0.0,0.0,0.0,0.0
33.0,130.0,0.0,0.0,0.0,0.0,0.0,0.0,0.0
33.0,140.0,0.0,0.0,0.0,0.0,0.0,0.0,0.0
33.0,150.0,0.0,0.0,0.0,0.0,0.0,0.0,0.0
33.0,160.0,0.0,0.0,0.0,0.0,0.0,0.0,0.0
33.0,170.0,0.0,0.0,0.0,0.0,0.0,0.0,0.0
33.0,180.0,0.0,0.0,0.0,0.0,0.0,0.0,0.0
33.0,190.0,0.0,0.0,0.0,0.0,0.0,0.0,0.0
34.0,0.0,NaN,NaN,NaN,NaN,NaN,NaN,NaN
34.0,10.0,1.1308138,0.08000063,0.090053014,0.0,0.0,0.0,0.0
34.0,20.0,0.7286601,0.020333055,0.0886976,0.0,0.0,0.0,0.0
34.0,30.0,1.8988615,2.4253129E-4,0.13974416,0.0,0.0,0.0,0.0
34.0,40.0,0.0,0.0,0.0,0.0,0.0,0.0,0.0
34.0,50.0,0.0,0.0,0.0,0.0,0.0,0.0,0.0
34.0,60.0,0.0,0.0,0.0,0.0,0.0,0.0,0.0
34.0,70.0,0.0,0.0,0.0,0.0,0.0,0.0,0.0
34.0,80.0,0.0,0.0,0.0,0.0,0.0,0.0,0.0
34.0,90.0,0.0,0.0,0.0,0.0,0.0,0.0,0.0
34.0,100.0,0.0,0.0,0.0,0.0,0.0,0.0,0.0
34.0,110.0,0.0,0.0,0.0,0.0,0.0,0.0,0.0
34.0,120.0,0.0,0.0,0.0,0.0,0.0,0.0,0.0
34.0,130.0,0.0,0.0,0.0,0.0,0.0,0.0,0.0
34.0,140.0,0.0,0.0,0.0,0.0,0.0,0.0,0.0
34.0,150.0,0.0,0.0,0.0,0.0,0.0,0.0,0.0
34.0,160.0,0.0,0.0,0.0,0.0,0.0,0.0,0.0
34.0,170.0,0.0,0.0,0.0,0.0,0.0,0.0,0.0
34.0,180.0,0.0,0.0,0.0,0.0,0.0,0.0,0.0
34.0,190.0,0.0,0.0,0.0,0.0,0.0,0.0,0.0
35.0,0.0,NaN,NaN,NaN,NaN,NaN,NaN,NaN
35.0,10.0,1.1455499,0.06613678,0.08991667,0.0,0.0,0.0,0.0
35.0,20.0,0.9699835,0.02020836,0.08994291,0.0,0.0,0.0,0.0
35.0,30.0,0.11665228,0.0015901073,0.17571805,0.0,0.0,0.0,0.0
35.0,40.0,0.0,0.0,0.0,0.0,0.0,0.0,0.0
35.0,50.0,0.0,0.0,0.0,0.0,0.0,0.0,0.0
35.0,60.0,0.0,0.0,0.0,0.0,0.0,0.0,0.0
35.0,70.0,0.0,0.0,0.0,0.0,0.0,0.0,0.0
35.0,80.0,0.0,0.0,0.0,0.0,0.0,0.0,0.0
35.0,90.0,0.0,0.0,0.0,0.0,0.0,0.0,0.0
35.0,100.0,0.0,0.0,0.0,0.0,0.0,0.0,0.0
35.0,110.0,0.0,0.0,0.0,0.0,0.0,0.0,0.0
35.0,120.0,0.0,0.0,0.0,0.0,0.0,0.0,0.0
35.0,130.0,0.0,0.0,0.0,0.0,0.0,0.0,0.0
35.0,140.0,0.0,0.0,0.0,0.0,0.0,0.0,0.0
35.0,150.0,0.0,0.0,0.0,0.0,0.0,0.0,0.0
35.0,160.0,0.0,0.0,0.0,0.0,0.0,0.0,0.0
35.0,170.0,0.0,0.0,0.0,0.0,0.0,0.0,0.0
35.0,180.0,0.0,0.0,0.0,0.0,0.0,0.0,0.0
35.0,190.0,0.0,0.0,0.0,0.0,0.0,0.0,0.0
36.0,0.0,NaN,NaN,NaN,NaN,NaN,NaN,NaN
36.0,10.0,0.86053604,0.07559317,0.08862392,0.0,0.0,0.0,0.0
36.0,20.0,0.9247852,0.021631358,0.08835431,0.0,0.0,0.0,0.0
36.0,30.0,1.9106412,0.014948282,0.12257619,0.0,0.0,0.0,0.0
36.0,40.0,0.0,0.0,0.0,0.0,0.0,0.0,0.0
36.0,50.0,0.0,0.0,0.0,0.0,0.0,0.0,0.0
36.0,60.0,0.0,0.0,0.0,0.0,0.0,0.0,0.0
36.0,70.0,0.0,0.0,0.0,0.0,0.0,0.0,0.0
36.0,80.0,0.0,0.0,0.0,0.0,0.0,0.0,0.0
36.0,90.0,0.0,0.0,0.0,0.0,0.0,0.0,0.0
36.0,100.0,0.0,0.0,0.0,0.0,0.0,0.0,0.0
36.0,110.0,0.0,0.0,0.0,0.0,0.0,0.0,0.0
36.0,120.0,0.0,0.0,0.0,0.0,0.0,0.0,0.0
36.0,130.0,0.0,0.0,0.0,0.0,0.0,0.0,0.0
36.0,140.0,0.0,0.0,0.0,0.0,0.0,0.0,0.0
36.0,150.0,0.0,0.0,0.0,0.0,0.0,0.0,0.0
36.0,160.0,0.0,0.0,0.0,0.0,0.0,0.0,0.0
36.0,170.0,0.0,0.0,0.0,0.0,0.0,0.0,0.0
36.0,180.0,0.0,0.0,0.0,0.0,0.0,0.0,0.0
36.0,190.0,0.0,0.0,0.0,0.0,0.0,0.0,0.0
37.0,0.0,2.9448917,1.34457305E-5,17.533998,0.0,0.0,0.0,0.0
37.0,10.0,1.6581764,0.06694441,0.09200802,0.0,0.0,0.0,0.0
37.0,20.0,0.7416879,0.027653288,0.092248954,0.0,0.0,0.0,0.0
37.0,30.0,0.93404037,0.016482698,0.09374247,0.0,0.0,0.0,0.0
37.0,40.0,0.0,0.0,0.0,0.0,0.0,0.0,0.0
37.0,50.0,0.0,0.0,0.0,0.0,0.0,0.0,0.0
37.0,60.0,0.0,0.0,0.0,0.0,0.0,0.0,0.0
37.0,70.0,0.0,0.0,0.0,0.0,0.0,0.0,0.0
37.0,80.0,0.0,0.0,0.0,0.0,0.0,0.0,0.0
37.0,90.0,0.0,0.0,0.0,0.0,0.0,0.0,0.0
37.0,100.0,0.0,0.0,0.0,0.0,0.0,0.0,0.0
37.0,110.0,0.0,0.0,0.0,0.0,0.0,0.0,0.0
37.0,120.0,0.0,0.0,0.0,0.0,0.0,0.0,0.0
37.0,130.0,0.0,0.0,0.0,0.0,0.0,0.0,0.0
37.0,140.0,0.0,0.0,0.0,0.0,0.0,0.0,0.0
37.0,150.0,0.0,0.0,0.0,0.0,0.0,0.0,0.0
37.0,160.0,0.0,0.0,0.0,0.0,0.0,0.0,0.0
37.0,170.0,0.0,0.0,0.0,0.0,0.0,0.0,0.0
37.0,180.0,0.0,0.0,0.0,0.0,0.0,0.0,0.0
37.0,190.0,0.0,0.0,0.0,0.0,0.0,0.0,0.0
38.0,0.0,NaN,NaN,NaN,NaN,NaN,NaN,NaN
38.0,10.0,1.2993727,0.08646592,0.09323248,0.0,0.0,0.0,0.0
38.0,20.0,1.2711374,0.028056469,0.08720319,0.0,0.0,0.0,0.0
38.0,30.0,0.71547234,0.0025565934,0.10124124,0.0,0.0,0.0,0.0
38.0,40.0,0.0,0.0,0.0,0.0,0.0,0.0,0.0
38.0,50.0,0.0,0.0,0.0,0.0,0.0,0.0,0.0
38.0,60.0,0.0,0.0,0.0,0.0,0.0,0.0,0.0
38.0,70.0,0.0,0.0,0.0,0.0,0.0,0.0,0.0
38.0,80.0,0.0,0.0,0.0,0.0,0.0,0.0,0.0
38.0,90.0,0.0,0.0,0.0,0.0,0.0,0.0,0.0
38.0,100.0,0.0,0.0,0.0,0.0,0.0,0.0,0.0
38.0,110.0,0.0,0.0,0.0,0.0,0.0,0.0,0.0
38.0,120.0,0.0,0.0,0.0,0.0,0.0,0.0,0.0
38.0,130.0,0.0,0.0,0.0,0.0,0.0,0.0,0.0
38.0,140.0,0.0,0.0,0.0,0.0,0.0,0.0,0.0
38.0,150.0,0.0,0.0,0.0,0.0,0.0,0.0,0.0
38.0,160.0,0.0,0.0,0.0,0.0,0.0,0.0,0.0
38.0,170.0,0.0,0.0,0.0,0.0,0.0,0.0,0.0
38.0,180.0,0.0,0.0,0.0,0.0,0.0,0.0,0.0
38.0,190.0,0.0,0.0,0.0,0.0,0.0,0.0,0.0
39.0,0.0,2.7433455,3.6510785E-6,17.31892,0.0,0.0,0.0,0.0
39.0,10.0,0.7750099,0.07921706,0.089127444,0.0,0.0,0.0,0.0
39.0,20.0,1.2294247,0.023751752,0.08842022,0.0,0.0,0.0,0.0
39.0,30.0,1.6500585,0.010980291,0.10843885,0.0,0.0,0.0,0.0
39.0,40.0,0.0,0.0,0.0,0.0,0.0,0.0,0.0
39.0,50.0,0.0,0.0,0.0,0.0,0.0,0.0,0.0
39.0,60.0,0.0,0.0,0.0,0.0,0.0,0.0,0.0
39.0,70.0,0.0,0.0,0.0,0.0,0.0,0.0,0.0
39.0,80.0,0.0,0.0,0.0,0.0,0.0,0.0,0.0
39.0,90.0,0.0,0.0,0.0,0.0,0.0,0.0,0.0
39.0,100.0,0.0,0.0,0.0,0.0,0.0,0.0,0.0
39.0,110.0,0.0,0.0,0.0,0.0,0.0,0.0,0.0
39.0,120.0,0.0,0.0,0.0,0.0,0.0,0.0,0.0
39.0,130.0,0.0,0.0,0.0,0.0,0.0,0.0,0.0
39.0,140.0,0.0,0.0,0.0,0.0,0.0,0.0,0.0
39.0,150.0,0.0,0.0,0.0,0.0,0.0,0.0,0.0
39.0,160.0,0.0,0.0,0.0,0.0,0.0,0.0,0.0
39.0,170.0,0.0,0.0,0.0,0.0,0.0,0.0,0.0
39.0,180.0,0.0,0.0,0.0,0.0,0.0,0.0,0.0
39.0,190.0,0.0,0.0,0.0,0.0,0.0,0.0,0.0
40.0,0.0,NaN,NaN,NaN,NaN,NaN,NaN,NaN
40.0,10.0,1.1491051,0.07880329,0.088940516,0.0,0.0,0.0,0.0
40.0,20.0,0.9730968,0.03457988,0.093965776,0.0,0.0,0.0,0.0
40.0,30.0,0.7087889,0.0011779617,0.13988106,0.0,0.0,0.0,0.0
40.0,40.0,0.0,0.0,0.0,0.0,0.0,0.0,0.0
40.0,50.0,0.0,0.0,0.0,0.0,0.0,0.0,0.0
40.0,60.0,0.0,0.0,0.0,0.0,0.0,0.0,0.0
40.0,70.0,0.0,0.0,0.0,0.0,0.0,0.0,0.0
40.0,80.0,0.0,0.0,0.0,0.0,0.0,0.0,0.0
40.0,90.0,0.0,0.0,0.0,0.0,0.0,0.0,0.0
40.0,100.0,0.0,0.0,0.0,0.0,0.0,0.0,0.0
40.0,110.0,0.0,0.0,0.0,0.0,0.0,0.0,0.0
40.0,120.0,0.0,0.0,0.0,0.0,0.0,0.0,0.0
40.0,130.0,0.0,0.0,0.0,0.0,0.0,0.0,0.0
40.0,140.0,0.0,0.0,0.0,0.0,0.0,0.0,0.0
40.0,150.0,0.0,0.0,0.0,0.0,0.0,0.0,0.0
40.0,160.0,0.0,0.0,0.0,0.0,0.0,0.0,0.0
40.0,170.0,0.0,0.0,0.0,0.0,0.0,0.0,0.0
40.0,180.0,0.0,0.0,0.0,0.0,0.0,0.0,0.0
40.0,190.0,0.0,0.0,0.0,0.0,0.0,0.0,0.0
41.0,0.0,NaN,NaN,NaN,NaN,NaN,NaN,NaN
41.0,10.0,0.7849637,0.086357094,0.090906344,0.0,0.0,0.0,0.0
41.0,20.0,0.6435416,0.03103366,0.09092761,0.0,0.0,0.0,0.0
41.0,30.0,0.43837312,0.024542244,0.11595586,0.0,0.0,0.0,0.0
41.0,40.0,0.0,0.0,0.0,0.0,0.0,0.0,0.0
41.0,50.0,0.0,0.0,0.0,0.0,0.0,0.0,0.0
41.0,60.0,0.0,0.0,0.0,0.0,0.0,0.0,0.0
41.0,70.0,0.0,0.0,0.0,0.0,0.0,0.0,0.0
41.0,80.0,0.0,0.0,0.0,0.0,0.0,0.0,0.0
41.0,90.0,0.0,0.0,0.0,0.0,0.0,0.0,0.0
41.0,100.0,0.0,0.0,0.0,0.0,0.0,0.0,0.0
41.0,110.0,0.0,0.0,0.0,0.0,0.0,0.0,0.0
41.0,120.0,0.0,0.0,0.0,0.0,0.0,0.0,0.0
41.0,130.0,0.0,0.0,0.0,0.0,0.0,0.0,0.0
41.0,140.0,0.0,0.0,0.0,0.0,0.0,0.0,0.0
41.0,150.0,0.0,0.0,0.0,0.0,0.0,0.0,0.0
41.0,160.0,0.0,0.0,0.0,0.0,0.0,0.0,0.0
41.0,170.0,0.0,0.0,0.0,0.0,0.0,0.0,0.0
41.0,180.0,0.0,0.0,0.0,0.0,0.0,0.0,0.0
41.0,190.0,0.0,0.0,0.0,0.0,0.0,0.0,0.0
42.0,0.0,NaN,NaN,NaN,NaN,NaN,NaN,NaN
42.0,10.0,0.9150672,0.09876026,0.08851948,0.0,0.0,0.0,0.0
42.0,20.0,0.9818576,0.039681457,0.08787719,0.0,0.0,0.0,0.0
42.0,30.0,1.1183131,0.011576247,0.09048372,0.0,0.0,0.0,0.0
42.0,40.0,0.0,0.0,0.0,0.0,0.0,0.0,0.0
42.0,50.0,0.0,0.0,0.0,0.0,0.0,0.0,0.0
42.0,60.0,0.0,0.0,0.0,0.0,0.0,0.0,0.0
42.0,70.0,0.0,0.0,0.0,0.0,0.0,0.0,0.0
42.0,80.0,0.0,0.0,0.0,0.0,0.0,0.0,0.0
42.0,90.0,0.0,0.0,0.0,0.0,0.0,0.0,0.0
42.0,100.0,0.0,0.0,0.0,0.0,0.0,0.0,0.0
42.0,110.0,0.0,0.0,0.0,0.0,0.0,0.0,0.0
42.0,120.0,0.0,0.0,0.0,0.0,0.0,0.0,0.0
42.0,130.0,0.0,0.0,0.0,0.0,0.0,0.0,0.0
42.0,140.0,0.0,0.0,0.0,0.0,0.0,0.0,0.0
42.0,150.0,0.0,0.0,0.0,0.0,0.0,0.0,0.0
42.0,160.0,0.0,0.0,0.0,0.0,0.0,0.0,0.0
42.0,170.0,0.0,0.0,0.0,0.0,0.0,0.0,0.0
42.0,180.0,0.0,0.0,0.0,0.0,0.0,0.0,0.0
42.0,190.0,0.0,0.0,0.0,0.0,0.0,0.0,0.0
43.0,0.0,NaN,NaN,NaN,NaN,NaN,NaN,NaN
43.0,10.0,0.885118,0.10060555,0.08838601,0.0,0.0,0.0,0.0
43.0,20.0,0.8109963,0.039889064,0.09079879,0.0,0.0,0.0,0.0
43.0,30.0,1.9687366,0.0016830128,0.099207096,0.0,0.0,0.0,0.0
43.0,40.0,0.0,0.0,0.0,0.0,0.0,0.0,0.0
43.0,50.0,0.0,0.0,0.0,0.0,0.0,0.0,0.0
43.0,60.0,0.0,0.0,0.0,0.0,0.0,0.0,0.0
43.0,70.0,0.0,0.0,0.0,0.0,0.0,0.0,0.0
43.0,80.0,0.0,0.0,0.0,0.0,0.0,0.0,0.0
43.0,90.0,0.0,0.0,0.0,0.0,0.0,0.0,0.0
43.0,100.0,0.0,0.0,0.0,0.0,0.0,0.0,0.0
43.0,110.0,0.0,0.0,0.0,0.0,0.0,0.0,0.0
43.0,120.0,0.0,0.0,0.0,0.0,0.0,0.0,0.0
43.0,130.0,0.0,0.0,0.0,0.0,0.0,0.0,0.0
43.0,140.0,0.0,0.0,0.0,0.0,0.0,0.0,0.0
43.0,150.0,0.0,0.0,0.0,0.0,0.0,0.0,0.0
43.0,160.0,0.0,0.0,0.0,0.0,0.0,0.0,0.0
43.0,170.0,0.0,0.0,0.0,0.0,0.0,0.0,0.0
43.0,180.0,0.0,0.0,0.0,0.0,0.0,0.0,0.0
43.0,190.0,0.0,0.0,0.0,0.0,0.0,0.0,0.0
44.0,0.0,NaN,NaN,NaN,NaN,NaN,NaN,NaN
44.0,10.0,1.14109,0.09530012,0.09071419,0.0,0.0,0.0,0.0
44.0,20.0,0.7253308,0.02538269,0.092739925,0.0,0.0,0.0,0.0
44.0,30.0,0.23504242,0.0032031036,0.09637455,0.0,0.0,0.0,0.0
44.0,40.0,0.0,0.0,0.0,0.0,0.0,0.0,0.0
44.0,50.0,0.0,0.0,0.0,0.0,0.0,0.0,0.0
44.0,60.0,0.0,0.0,0.0,0.0,0.0,0.0,0.0
44.0,70.0,0.0,0.0,0.0,0.0,0.0,0.0,0.0
44.0,80.0,0.0,0.0,0.0,0.0,0.0,0.0,0.0
44.0,90.0,0.0,0.0,0.0,0.0,0.0,0.0,0.0
44.0,100.0,0.0,0.0,0.0,0.0,0.0,0.0,0.0
44.0,110.0,0.0,0.0,0.0,0.0,0.0,0.0,0.0
44.0,120.0,0.0,0.0,0.0,0.0,0.0,0.0,0.0
44.0,130.0,0.0,0.0,0.0,0.0,0.0,0.0,0.0
44.0,140.0,0.0,0.0,0.0,0.0,0.0,0.0,0.0
44.0,150.0,0.0,0.0,0.0,0.0,0.0,0.0,0.0
44.0,160.0,0.0,0.0,0.0,0.0,0.0,0.0,0.0
44.0,170.0,0.0,0.0,0.0,0.0,0.0,0.0,0.0
44.0,180.0,0.0,0.0,0.0,0.0,0.0,0.0,0.0
44.0,190.0,0.0,0.0,0.0,0.0,0.0,0.0,0.0
45.0,0.0,3.082042,0.03294946,17.495056,0.0,0.0,0.0,0.0
45.0,10.0,0.85356575,0.10143028,0.09076521,0.0,0.0,0.0,0.0
45.0,20.0,0.56489575,0.054471105,0.09089169,0.0,0.0,0.0,0.0
45.0,30.0,0.75891453,0.002851472,0.32426402,0.0,0.0,0.0,0.0
45.0,40.0,0.0,0.0,0.0,0.0,0.0,0.0,0.0
45.0,50.0,0.0,0.0,0.0,0.0,0.0,0.0,0.0
45.0,60.0,0.0,0.0,0.0,0.0,0.0,0.0,0.0
45.0,70.0,0.0,0.0,0.0,0.0,0.0,0.0,0.0
45.0,80.0,0.0,0.0,0.0,0.0,0.0,0.0,0.0
45.0,90.0,0.0,0.0,0.0,0.0,0.0,0.0,0.0
45.0,100.0,0.0,0.0,0.0,0.0,0.0,0.0,0.0
45.0,110.0,0.0,0.0,0.0,0.0,0.0,0.0,0.0
45.0,120.0,0.0,0.0,0.0,0.0,0.0,0.0,0.0
45.0,130.0,0.0,0.0,0.0,0.0,0.0,0.0,0.0
45.0,140.0,0.0,0.0,0.0,0.0,0.0,0.0,0.0
45.0,150.0,0.0,0.0,0.0,0.0,0.0,0.0,0.0
45.0,160.0,0.0,0.0,0.0,0.0,0.0,0.0,0.0
45.0,170.0,0.0,0.0,0.0,0.0,0.0,0.0,0.0
45.0,180.0,0.0,0.0,0.0,0.0,0.0,0.0,0.0
45.0,190.0,0.0,0.0,0.0,0.0,0.0,0.0,0.0
46.0,0.0,NaN,NaN,NaN,NaN,NaN,NaN,NaN
46.0,10.0,1.2790884,0.10642593,0.08860162,0.0,0.0,0.0,0.0
46.0,20.0,1.1185333,0.049626395,0.0895375,0.0,0.0,0.0,0.0
46.0,30.0,0.58261144,0.0055478713,0.086493954,0.0,0.0,0.0,0.0
46.0,40.0,0.0,0.0,0.0,0.0,0.0,0.0,0.0
46.0,50.0,0.0,0.0,0.0,0.0,0.0,0.0,0.0
46.0,60.0,0.0,0.0,0.0,0.0,0.0,0.0,0.0
46.0,70.0,0.0,0.0,0.0,0.0,0.0,0.0,0.0
46.0,80.0,0.0,0.0,0.0,0.0,0.0,0.0,0.0
46.0,90.0,0.0,0.0,0.0,0.0,0.0,0.0,0.0
46.0,100.0,0.0,0.0,0.0,0.0,0.0,0.0,0.0
46.0,110.0,0.0,0.0,0.0,0.0,0.0,0.0,0.0
46.0,120.0,0.0,0.0,0.0,0.0,0.0,0.0,0.0
46.0,130.0,0.0,0.0,0.0,0.0,0.0,0.0,0.0
46.0,140.0,0.0,0.0,0.0,0.0,0.0,0.0,0.0
46.0,150.0,0.0,0.0,0.0,0.0,0.0,0.0,0.0
46.0,160.0,0.0,0.0,0.0,0.0,0.0,0.0,0.0
46.0,170.0,0.0,0.0,0.0,0.0,0.0,0.0,0.0
46.0,180.0,0.0,0.0,0.0,0.0,0.0,0.0,0.0
46.0,190.0,0.0,0.0,0.0,0.0,0.0,0.0,0.0
47.0,0.0,3.2260804,1.0572772E-5,17.60106,0.0,0.0,0.0,0.0
47.0,10.0,1.2704291,0.07388319,0.089310974,0.0,0.0,0.0,0.0
47.0,20.0,1.035802,0.01965219,0.08896128,0.0,0.0,0.0,0.0
47.0,30.0,0.26655105,2.5681542E-5,0.09304285,0.0,0.0,0.0,0.0
47.0,40.0,0.0,0.0,0.0,0.0,0.0,0.0,0.0
47.0,50.0,0.0,0.0,0.0,0.0,0.0,0.0,0.0
47.0,60.0,0.0,0.0,0.0,0.0,0.0,0.0,0.0
47.0,70.0,0.0,0.0,0.0,0.0,0.0,0.0,0.0
47.0,80.0,0.0,0.0,0.0,0.0,0.0,0.0,0.0
47.0,90.0,0.0,0.0,0.0,0.0,0.0,0.0,0.0
47.0,100.0,0.0,0.0,0.0,0.0,0.0,0.0,0.0
47.0,110.0,0.0,0.0,0.0,0.0,0.0,0.0,0.0
47.0,120.0,0.0,0.0,0.0,0.0,0.0,0.0,0.0
47.0,130.0,0.0,0.0,0.0,0.0,0.0,0.0,0.0
47.0,140.0,0.0,0.0,0.0,0.0,0.0,0.0,0.0
47.0,150.0,0.0,0.0,0.0,0.0,0.0,0.0,0.0
47.0,160.0,0.0,0.0,0.0,0.0,0.0,0.0,0.0
47.0,170.0,0.0,0.0,0.0,0.0,0.0,0.0,0.0
47.0,180.0,0.0,0.0,0.0,0.0,0.0,0.0,0.0
47.0,190.0,0.0,0.0,0.0,0.0,0.0,0.0,0.0
48.0,0.0,NaN,NaN,NaN,NaN,NaN,NaN,NaN
48.0,10.0,0.7682902,0.064006284,0.09149962,0.0,0.0,0.0,0.0
48.0,20.0,1.5446821,0.0101352185,0.09143497,0.0,0.0,0.0,0.0
48.0,30.0,0.9342726,0.0016138017,0.096430995,0.0,0.0,0.0,0.0
48.0,40.0,0.0,0.0,0.0,0.0,0.0,0.0,0.0
48.0,50.0,0.0,0.0,0.0,0.0,0.0,0.0,0.0
48.0,60.0,0.0,0.0,0.0,0.0,0.0,0.0,0.0
48.0,70.0,0.0,0.0,0.0,0.0,0.0,0.0,0.0
48.0,80.0,0.0,0.0,0.0,0.0,0.0,0.0,0.0
48.0,90.0,0.0,0.0,0.0,0.0,0.0,0.0,0.0
48.0,100.0,0.0,0.0,0.0,0.0,0.0,0.0,0.0
48.0,110.0,0.0,0.0,0.0,0.0,0.0,0.0,0.0
48.0,120.0,0.0,0.0,0.0,0.0,0.0,0.0,0.0
48.0,130.0,0.0,0.0,0.0,0.0,0.0,0.0,0.0
48.0,140.0,0.0,0.0,0.0,0.0,0.0,0.0,0.0
48.0,150.0,0.0,0.0,0.0,0.0,0.0,0.0,0.0
48.0,160.0,0.0,0.0,0.0,0.0,0.0,0.0,0.0
48.0,170.0,0.0,0.0,0.0,0.0,0.0,0.0,0.0
48.0,180.0,0.0,0.0,0.0,0.0,0.0,0.0,0.0
48.0,190.0,0.0,0.0,0.0,0.0,0.0,0.0,0.0
49.0,0.0,2.9126773,1.0614913E-5,17.190681,0.0,0.0,0.0,0.0
49.0,10.0,0.86012197,0.078478225,0.08904473,0.0,0.0,0.0,0.0
49.0,20.0,1.8803457,0.010949504,0.09461716,0.0,0.0,0.0,0.0
49.0,30.0,2.4786599,4.8531265E-6,0.09370196,0.0,0.0,0.0,0.0
49.0,40.0,0.0,0.0,0.0,0.0,0.0,0.0,0.0
49.0,50.0,0.0,0.0,0.0,0.0,0.0,0.0,0.0
49.0,60.0,0.0,0.0,0.0,0.0,0.0,0.0,0.0
49.0,70.0,0.0,0.0,0.0,0.0,0.0,0.0,0.0
49.0,80.0,0.0,0.0,0.0,0.0,0.0,0.0,0.0
49.0,90.0,0.0,0.0,0.0,0.0,0.0,0.0,0.0
49.0,100.0,0.0,0.0,0.0,0.0,0.0,0.0,0.0
49.0,110.0,0.0,0.0,0.0,0.0,0.0,0.0,0.0
49.0,120.0,0.0,0.0,0.0,0.0,0.0,0.0,0.0
49.0,130.0,0.0,0.0,0.0,0.0,0.0,0.0,0.0
49.0,140.0,0.0,0.0,0.0,0.0,0.0,0.0,0.0
49.0,150.0,0.0,0.0,0.0,0.0,0.0,0.0,0.0
49.0,160.0,0.0,0.0,0.0,0.0,0.0,0.0,0.0
49.0,170.0,0.0,0.0,0.0,0.0,0.0,0.0,0.0
49.0,180.0,0.0,0.0,0.0,0.0,0.0,0.0,0.0
49.0,190.0,0.0,0.0,0.0,0.0,0.0,0.0,0.0
50.0,0.0,2.6569943,2.606898E-4,17.399765,0.0,0.0,0.0,0.0
50.0,10.0,0.88990587,0.06853401,0.089812845,0.0,0.0,0.0,0.0
50.0,20.0,0.876966,0.020793572,0.09019713,0.0,0.0,0.0,0.0
50.0,30.0,0.6541427,0.021572435,0.37503874,0.0,0.0,0.0,0.0
50.0,40.0,0.0,0.0,0.0,0.0,0.0,0.0,0.0
50.0,50.0,0.0,0.0,0.0,0.0,0.0,0.0,0.0
50.0,60.0,0.0,0.0,0.0,0.0,0.0,0.0,0.0
50.0,70.0,0.0,0.0,0.0,0.0,0.0,0.0,0.0
50.0,80.0,0.0,0.0,0.0,0.0,0.0,0.0,0.0
50.0,90.0,0.0,0.0,0.0,0.0,0.0,0.0,0.0
50.0,100.0,0.0,0.0,0.0,0.0,0.0,0.0,0.0
50.0,110.0,0.0,0.0,0.0,0.0,0.0,0.0,0.0
50.0,120.0,0.0,0.0,0.0,0.0,0.0,0.0,0.0
50.0,130.0,0.0,0.0,0.0,0.0,0.0,0.0,0.0
50.0,140.0,0.0,0.0,0.0,0.0,0.0,0.0,0.0
50.0,150.0,0.0,0.0,0.0,0.0,0.0,0.0,0.0
50.0,160.0,0.0,0.0,0.0,0.0,0.0,0.0,0.0
50.0,170.0,0.0,0.0,0.0,0.0,0.0,0.0,0.0
50.0,180.0,0.0,0.0,0.0,0.0,0.0,0.0,0.0
50.0,190.0,0.0,0.0,0.0,0.0,0.0,0.0,0.0
51.0,0.0,3.1318858,0.0631944,17.060926,0.0,0.0,0.0,0.0
51.0,10.0,0.95118356,0.07201916,0.089309365,0.0,0.0,0.0,0.0
51.0,20.0,2.2197654,0.015575146,0.094005786,0.0,0.0,0.0,0.0
51.0,30.0,2.4538016,0.0032978454,0.1416346,0.0,0.0,0.0,0.0
51.0,40.0,0.0,0.0,0.0,0.0,0.0,0.0,0.0
51.0,50.0,0.0,0.0,0.0,0.0,0.0,0.0,0.0
51.0,60.0,0.0,0.0,0.0,0.0,0.0,0.0,0.0
51.0,70.0,0.0,0.0,0.0,0.0,0.0,0.0,0.0
51.0,80.0,0.0,0.0,0.0,0.0,0.0,0.0,0.0
51.0,90.0,0.0,0.0,0.0,0.0,0.0,0.0,0.0
51.0,100.0,0.0,0.0,0.0,0.0,0.0,0.0,0.0
51.0,110.0,0.0,0.0,0.0,0.0,0.0,0.0,0.0
51.0,120.0,0.0,0.0,0.0,0.0,0.0,0.0,0.0
51.0,130.0,0.0,0.0,0.0,0.0,0.0,0.0,0.0
51.0,140.0,0.0,0.0,0.0,0.0,0.0,0.0,0.0
51.0,150.0,0.0,0.0,0.0,0.0,0.0,0.0,0.0
51.0,160.0,0.0,0.0,0.0,0.0,0.0,0.0,0.0
51.0,170.0,0.0,0.0,0.0,0.0,0.0,0.0,0.0
51.0,180.0,0.0,0.0,0.0,0.0,0.0,0.0,0.0
51.0,190.0,0.0,0.0,0.0,0.0,0.0,0.0,0.0
52.0,0.0,NaN,NaN,NaN,NaN,NaN,NaN,NaN
52.0,10.0,0.7371544,0.06787893,0.08915283,0.0,0.0,0.0,0.0
52.0,20.0,1.1501698,0.014700287,0.09357458,0.0,0.0,0.0,0.0
52.0,30.0,0.8750962,0.006073249,0.10787263,0.0,0.0,0.0,0.0
52.0,40.0,0.0,0.0,0.0,0.0,0.0,0.0,0.0
52.0,50.0,0.0,0.0,0.0,0.0,0.0,0.0,0.0
52.0,60.0,0.0,0.0,0.0,0.0,0.0,0.0,0.0
52.0,70.0,0.0,0.0,0.0,0.0,0.0,0.0,0.0
52.0,80.0,0.0,0.0,0.0,0.0,0.0,0.0,0.0
52.0,90.0,0.0,0.0,0.0,0.0,0.0,0.0,0.0
52.0,100.0,0.0,0.0,0.0,0.0,0.0,0.0,0.0
52.0,110.0,0.0,0.0,0.0,0.0,0.0,0.0,0.0
52.0,120.0,0.0,0.0,0.0,0.0,0.0,0.0,0.0
52.0,130.0,0.0,0.0,0.0,0.0,0.0,0.0,0.0
52.0,140.0,0.0,0.0,0.0,0.0,0.0,0.0,0.0
52.0,150.0,0.0,0.0,0.0,0.0,0.0,0.0,0.0
52.0,160.0,0.0,0.0,0.0,0.0,0.0,0.0,0.0
52.0,170.0,0.0,0.0,0.0,0.0,0.0,0.0,0.0
52.0,180.0,0.0,0.0,0.0,0.0,0.0,0.0,0.0
52.0,190.0,0.0,0.0,0.0,0.0,0.0,0.0,0.0
53.0,0.0,NaN,NaN,NaN,NaN,NaN,NaN,NaN
53.0,10.0,0.857161,0.08713578,0.0901404,0.0,0.0,0.0,0.0
53.0,20.0,1.1820362,0.03607905,0.090022944,0.0,0.0,0.0,0.0
53.0,30.0,0.6979969,0.005213285,0.22683623,0.0,0.0,0.0,0.0
53.0,40.0,0.0,0.0,0.0,0.0,0.0,0.0,0.0
53.0,50.0,0.0,0.0,0.0,0.0,0.0,0.0,0.0
53.0,60.0,0.0,0.0,0.0,0.0,0.0,0.0,0.0
53.0,70.0,0.0,0.0,0.0,0.0,0.0,0.0,0.0
53.0,80.0,0.0,0.0,0.0,0.0,0.0,0.0,0.0
53.0,90.0,0.0,0.0,0.0,0.0,0.0,0.0,0.0
53.0,100.0,0.0,0.0,0.0,0.0,0.0,0.0,0.0
53.0,110.0,0.0,0.0,0.0,0.0,0.0,0.0,0.0
53.0,120.0,0.0,0.0,0.0,0.0,0.0,0.0,0.0
53.0,130.0,0.0,0.0,0.0,0.0,0.0,0.0,0.0
53.0,140.0,0.0,0.0,0.0,0.0,0.0,0.0,0.0
53.0,150.0,0.0,0.0,0.0,0.0,0.0,0.0,0.0
53.0,160.0,0.0,0.0,0.0,0.0,0.0,0.0,0.0
53.0,170.0,0.0,0.0,0.0,0.0,0.0,0.0,0.0
53.0,180.0,0.0,0.0,0.0,0.0,0.0,0.0,0.0
53.0,190.0,0.0,0.0,0.0,0.0,0.0,0.0,0.0
54.0,0.0,2.9780538,1.5782025E-5,17.8464,0.0,0.0,0.0,0.0
54.0,10.0,0.67661804,0.092039876,0.08862613,0.0,0.0,0.0,0.0
54.0,20.0,0.98297656,0.036075085,0.08934239,0.0,0.0,0.0,0.0
54.0,30.0,0.25315654,0.011823897,0.17151514,0.0,0.0,0.0,0.0
54.0,40.0,0.0,0.0,0.0,0.0,0.0,0.0,0.0
54.0,50.0,0.0,0.0,0.0,0.0,0.0,0.0,0.0
54.0,60.0,0.0,0.0,0.0,0.0,0.0,0.0,0.0
54.0,70.0,0.0,0.0,0.0,0.0,0.0,0.0,0.0
54.0,80.0,0.0,0.0,0.0,0.0,0.0,0.0,0.0
54.0,90.0,0.0,0.0,0.0,0.0,0.0,0.0,0.0
54.0,100.0,0.0,0.0,0.0,0.0,0.0,0.0,0.0
54.0,110.0,0.0,0.0,0.0,0.0,0.0,0.0,0.0
54.0,120.0,0.0,0.0,0.0,0.0,0.0,0.0,0.0
54.0,130.0,0.0,0.0,0.0,0.0,0.0,0.0,0.0
54.0,140.0,0.0,0.0,0.0,0.0,0.0,0.0,0.0
54.0,150.0,0.0,0.0,0.0,0.0,0.0,0.0,0.0
54.0,160.0,0.0,0.0,0.0,0.0,0.0,0.0,0.0
54.0,170.0,0.0,0.0,0.0,0.0,0.0,0.0,0.0
54.0,180.0,0.0,0.0,0.0,0.0,0.0,0.0,0.0
54.0,190.0,0.0,0.0,0.0,0.0,0.0,0.0,0.0
55.0,0.0,NaN,NaN,NaN,NaN,NaN,NaN,NaN
55.0,10.0,0.96268934,0.094416805,0.088336006,0.0,0.0,0.0,0.0
55.0,20.0,1.3478206,0.024237763,0.09262329,0.0,0.0,0.0,0.0
55.0,30.0,0.83429897,0.013051583,0.08940425,0.0,0.0,0.0,0.0
55.0,40.0,0.0,0.0,0.0,0.0,0.0,0.0,0.0
55.0,50.0,0.0,0.0,0.0,0.0,0.0,0.0,0.0
55.0,60.0,0.0,0.0,0.0,0.0,0.0,0.0,0.0
55.0,70.0,0.0,0.0,0.0,0.0,0.0,0.0,0.0
55.0,80.0,0.0,0.0,0.0,0.0,0.0,0.0,0.0
55.0,90.0,0.0,0.0,0.0,0.0,0.0,0.0,0.0
55.0,100.0,0.0,0.0,0.0,0.0,0.0,0.0,0.0
55.0,110.0,0.0,0.0,0.0,0.0,0.0,0.0,0.0
55.0,120.0,0.0,0.0,0.0,0.0,0.0,0.0,0.0
55.0,130.0,0.0,0.0,0.0,0.0,0.0,0.0,0.0
55.0,140.0,0.0,0.0,0.0,0.0,0.0,0.0,0.0
55.0,150.0,0.0,0.0,0.0,0.0,0.0,0.0,0.0
55.0,160.0,0.0,0.0,0.0,0.0,0.0,0.0,0.0
55.0,170.0,0.0,0.0,0.0,0.0,0.0,0.0,0.0
55.0,180.0,0.0,0.0,0.0,0.0,0.0,0.0,0.0
55.0,190.0,0.0,0.0,0.0,0.0,0.0,0.0,0.0
56.0,0.0,NaN,NaN,NaN,NaN,NaN,NaN,NaN
56.0,10.0,0.84507126,0.08108358,0.08897778,0.0,0.0,0.0,0.0
56.0,20.0,0.92110634,0.02851701,0.09069567,0.0,0.0,0.0,0.0
56.0,30.0,0.39287204,0.0070591057,0.11387692,0.0,0.0,0.0,0.0
56.0,40.0,0.0,0.0,0.0,0.0,0.0,0.0,0.0
56.0,50.0,0.0,0.0,0.0,0.0,0.0,0.0,0.0
56.0,60.0,0.0,0.0,0.0,0.0,0.0,0.0,0.0
56.0,70.0,0.0,0.0,0.0,0.0,0.0,0.0,0.0
56.0,80.0,0.0,0.0,0.0,0.0,0.0,0.0,0.0
56.0,90.0,0.0,0.0,0.0,0.0,0.0,0.0,0.0
56.0,100.0,0.0,0.0,0.0,0.0,0.0,0.0,0.0
56.0,110.0,0.0,0.0,0.0,0.0,0.0,0.0,0.0
56.0,120.0,0.0,0.0,0.0,0.0,0.0,0.0,0.0
56.0,130.0,0.0,0.0,0.0,0.0,0.0,0.0,0.0
56.0,140.0,0.0,0.0,0.0,0.0,0.0,0.0,0.0
56.0,150.0,0.0,0.0,0.0,0.0,0.0,0.0,0.0
56.0,160.0,0.0,0.0,0.0,0.0,0.0,0.0,0.0
56.0,170.0,0.0,0.0,0.0,0.0,0.0,0.0,0.0
56.0,180.0,0.0,0.0,0.0,0.0,0.0,0.0,0.0
56.0,190.0,0.0,0.0,0.0,0.0,0.0,0.0,0.0
57.0,0.0,NaN,NaN,NaN,NaN,NaN,NaN,NaN
57.0,10.0,0.8801785,0.08421541,0.08968259,0.0,0.0,0.0,0.0
57.0,20.0,0.86161536,0.051044133,0.090131514,0.0,0.0,0.0,0.0
57.0,30.0,0.8778438,5.669274E-4,0.09664215,0.0,0.0,0.0,0.0
57.0,40.0,0.0,0.0,0.0,0.0,0.0,0.0,0.0
57.0,50.0,0.0,0.0,0.0,0.0,0.0,0.0,0.0
57.0,60.0,0.0,0.0,0.0,0.0,0.0,0.0,0.0
57.0,70.0,0.0,0.0,0.0,0.0,0.0,0.0,0.0
57.0,80.0,0.0,0.0,0.0,0.0,0.0,0.0,0.0
57.0,90.0,0.0,0.0,0.0,0.0,0.0,0.0,0.0
57.0,100.0,0.0,0.0,0.0,0.0,0.0,0.0,0.0
57.0,110.0,0.0,0.0,0.0,0.0,0.0,0.0,0.0
57.0,120.0,0.0,0.0,0.0,0.0,0.0,0.0,0.0
57.0,130.0,0.0,0.0,0.0,0.0,0.0,0.0,0.0
57.0,140.0,0.0,0.0,0.0,0.0,0.0,0.0,0.0
57.0,150.0,0.0,0.0,0.0,0.0,0.0,0.0,0.0
57.0,160.0,0.0,0.0,0.0,0.0,0.0,0.0,0.0
57.0,170.0,0.0,0.0,0.0,0.0,0.0,0.0,0.0
57.0,180.0,0.0,0.0,0.0,0.0,0.0,0.0,0.0
57.0,190.0,0.0,0.0,0.0,0.0,0.0,0.0,0.0
58.0,0.0,NaN,NaN,NaN,NaN,NaN,NaN,NaN
58.0,10.0,1.0144273,0.07997612,0.09192939,0.0,0.0,0.0,0.0
58.0,20.0,1.4329859,0.025562827,0.09102888,0.0,0.0,0.0,0.0
58.0,30.0,1.1723479,3.0266485E-4,0.22582906,0.0,0.0,0.0,0.0
58.0,40.0,0.0,0.0,0.0,0.0,0.0,0.0,0.0
58.0,50.0,0.0,0.0,0.0,0.0,0.0,0.0,0.0
58.0,60.0,0.0,0.0,0.0,0.0,0.0,0.0,0.0
58.0,70.0,0.0,0.0,0.0,0.0,0.0,0.0,0.0
58.0,80.0,0.0,0.0,0.0,0.0,0.0,0.0,0.0
58.0,90.0,0.0,0.0,0.0,0.0,0.0,0.0,0.0
58.0,100.0,0.0,0.0,0.0,0.0,0.0,0.0,0.0
58.0,110.0,0.0,0.0,0.0,0.0,0.0,0.0,0.0
58.0,120.0,0.0,0.0,0.0,0.0,0.0,0.0,0.0
58.0,130.0,0.0,0.0,0.0,0.0,0.0,0.0,0.0
58.0,140.0,0.0,0.0,0.0,0.0,0.0,0.0,0.0
58.0,150.0,0.0,0.0,0.0,0.0,0.0,0.0,0.0
58.0,160.0,0.0,0.0,0.0,0.0,0.0,0.0,0.0
58.0,170.0,0.0,0.0,0.0,0.0,0.0,0.0,0.0
58.0,180.0,0.0,0.0,0.0,0.0,0.0,0.0,0.0
58.0,190.0,0.0,0.0,0.0,0.0,0.0,0.0,0.0
59.0,0.0,2.969969,0.040310435,17.896217,0.0,0.0,0.0,0.0
59.0,10.0,0.81340885,0.0807116,0.08845475,0.0,0.0,0.0,0.0
59.0,20.0,1.4581535,0.019381298,0.089888014,0.0,0.0,0.0,0.0
59.0,30.0,1.4832506,0.0013730192,0.09941,0.0,0.0,0.0,0.0
59.0,40.0,0.0,0.0,0.0,0.0,0.0,0.0,0.0
59.0,50.0,0.0,0.0,0.0,0.0,0.0,0.0,0.0
59.0,60.0,0.0,0.0,0.0,0.0,0.0,0.0,0.0
59.0,70.0,0.0,0.0,0.0,0.0,0.0,0.0,0.0
59.0,80.0,0.0,0.0,0.0,0.0,0.0,0.0,0.0
59.0,90.0,0.0,0.0,0.0,0.0,0.0,0.0,0.0
59.0,100.0,0.0,0.0,0.0,0.0,0.0,0.0,0.0
59.0,110.0,0.0,0.0,0.0,0.0,0.0,0.0,0.0
59.0,120.0,0.0,0.0,0.0,0.0,0.0,0.0,0.0
59.0,130.0,0.0,0.0,0.0,0.0,0.0,0.0,0.0
59.0,140.0,0.0,0.0,0.0,0.0,0.0,0.0,0.0
59.0,150.0,0.0,0.0,0.0,0.0,0.0,0.0,0.0
59.0,160.0,0.0,0.0,0.0,0.0,0.0,0.0,0.0
59.0,170.0,0.0,0.0,0.0,0.0,0.0,0.0,0.0
59.0,180.0,0.0,0.0,0.0,0.0,0.0,0.0,0.0
59.0,190.0,0.0,0.0,0.0,0.0,0.0,0.0,0.0
60.0,0.0,3.0273457,0.062496953,17.426657,0.0,0.0,0.0,0.0
60.0,10.0,0.77972835,0.088573575,0.089443885,0.0,0.0,0.0,0.0
60.0,20.0,0.92939794,0.018486297,0.0909861,0.0,0.0,0.0,0.0
60.0,30.0,0.89609975,0.009513126,0.11134578,0.0,0.0,0.0,0.0
60.0,40.0,0.0,0.0,0.0,0.0,0.0,0.0,0.0
60.0,50.0,0.0,0.0,0.0,0.0,0.0,0.0,0.0
60.0,60.0,0.0,0.0,0.0,0.0,0.0,0.0,0.0
60.0,70.0,0.0,0.0,0.0,0.0,0.0,0.0,0.0
60.0,80.0,0.0,0.0,0.0,0.0,0.0,0.0,0.0
60.0,90.0,0.0,0.0,0.0,0.0,0.0,0.0,0.0
60.0,100.0,0.0,0.0,0.0,0.0,0.0,0.0,0.0
60.0,110.0,0.0,0.0,0.0,0.0,0.0,0.0,0.0
60.0,120.0,0.0,0.0,0.0,0.0,0.0,0.0,0.0
60.0,130.0,0.0,0.0,0.0,0.0,0.0,0.0,0.0
60.0,140.0,0.0,0.0,0.0,0.0,0.0,0.0,0.0
60.0,150.0,0.0,0.0,0.0,0.0,0.0,0.0,0.0
60.0,160.0,0.0,0.0,0.0,0.0,0.0,0.0,0.0
60.0,170.0,0.0,0.0,0.0,0.0,0.0,0.0,0.0
60.0,180.0,0.0,0.0,0.0,0.0,0.0,0.0,0.0
60.0,190.0,0.0,0.0,0.0,0.0,0.0,0.0,0.0
61.0,0.0,NaN,NaN,NaN,NaN,NaN,NaN,NaN
61.0,10.0,0.9693525,0.08623292,0.089688286,0.0,0.0,0.0,0.0
61.0,20.0,0.8707398,0.037863284,0.09088905,0.0,0.0,0.0,0.0
61.0,30.0,1.1255774,0.0023736574,0.085175164,0.0,0.0,0.0,0.0
61.0,40.0,0.0,0.0,0.0,0.0,0.0,0.0,0.0
61.0,50.0,0.0,0.0,0.0,0.0,0.0,0.0,0.0
61.0,60.0,0.0,0.0,0.0,0.0,0.0,0.0,0.0
61.0,70.0,0.0,0.0,0.0,0.0,0.0,0.0,0.0
61.0,80.0,0.0,0.0,0.0,0.0,0.0,0.0,0.0
61.0,90.0,0.0,0.0,0.0,0.0,0.0,0.0,0.0
61.0,100.0,0.0,0.0,0.0,0.0,0.0,0.0,0.0
61.0,110.0,0.0,0.0,0.0,0.0,0.0,0.0,0.0
61.0,120.0,0.0,0.0,0.0,0.0,0.0,0.0,0.0
61.0,130.0,0.0,0.0,0.0,0.0,0.0,0.0,0.0
61.0,140.0,0.0,0.0,0.0,0.0,0.0,0.0,0.0
61.0,150.0,0.0,0.0,0.0,0.0,0.0,0.0,0.0
61.0,160.0,0.0,0.0,0.0,0.0,0.0,0.0,0.0
61.0,170.0,0.0,0.0,0.0,0.0,0.0,0.0,0.0
61.0,180.0,0.0,0.0,0.0,0.0,0.0,0.0,0.0
61.0,190.0,0.0,0.0,0.0,0.0,0.0,0.0,0.0
62.0,0.0,NaN,NaN,NaN,NaN,NaN,NaN,NaN
62.0,10.0,1.1652908,0.09220936,0.08942642,0.0,0.0,0.0,0.0
62.0,20.0,1.3120632,0.011692448,0.08974176,0.0,0.0,0.0,0.0
62.0,30.0,0.9014571,0.0,0.2550555,0.0,0.0,0.0,0.0
62.0,40.0,0.0,0.0,0.0,0.0,0.0,0.0,0.0
62.0,50.0,0.0,0.0,0.0,0.0,0.0,0.0,0.0
62.0,60.0,0.0,0.0,0.0,0.0,0.0,0.0,0.0
62.0,70.0,0.0,0.0,0.0,0.0,0.0,0.0,0.0
62.0,80.0,0.0,0.0,0.0,0.0,0.0,0.0,0.0
62.0,90.0,0.0,0.0,0.0,0.0,0.0,0.0,0.0
62.0,100.0,0.0,0.0,0.0,0.0,0.0,0.0,0.0
62.0,110.0,0.0,0.0,0.0,0.0,0.0,0.0,0.0
62.0,120.0,0.0,0.0,0.0,0.0,0.0,0.0,0.0
62.0,130.0,0.0,0.0,0.0,0.0,0.0,0.0,0.0
62.0,140.0,0.0,0.0,0.0,0.0,0.0,0.0,0.0
62.0,150.0,0.0,0.0,0.0,0.0,0.0,0.0,0.0
62.0,160.0,0.0,0.0,0.0,0.0,0.0,0.0,0.0
62.0,170.0,0.0,0.0,0.0,0.0,0.0,0.0,0.0
62.0,180.0,0.0,0.0,0.0,0.0,0.0,0.0,0.0
62.0,190.0,0.0,0.0,0.0,0.0,0.0,0.0,0.0
63.0,0.0,NaN,NaN,NaN,NaN,NaN,NaN,NaN
63.0,10.0,0.93287367,0.08116336,0.08872211,0.0,0.0,0.0,0.0
63.0,20.0,1.9218637,0.012997719,0.09678419,0.0,0.0,0.0,0.0
63.0,30.0,1.4229697,0.0,0.105390355,0.0,0.0,0.0,0.0
63.0,40.0,0.0,0.0,0.0,0.0,0.0,0.0,0.0
63.0,50.0,0.0,0.0,0.0,0.0,0.0,0.0,0.0
63.0,60.0,0.0,0.0,0.0,0.0,0.0,0.0,0.0
63.0,70.0,0.0,0.0,0.0,0.0,0.0,0.0,0.0
63.0,80.0,0.0,0.0,0.0,0.0,0.0,0.0,0.0
63.0,90.0,0.0,0.0,0.0,0.0,0.0,0.0,0.0
63.0,100.0,0.0,0.0,0.0,0.0,0.0,0.0,0.0
63.0,110.0,0.0,0.0,0.0,0.0,0.0,0.0,0.0
63.0,120.0,0.0,0.0,0.0,0.0,0.0,0.0,0.0
63.0,130.0,0.0,0.0,0.0,0.0,0.0,0.0,0.0
63.0,140.0,0.0,0.0,0.0,0.0,0.0,0.0,0.0
63.0,150.0,0.0,0.0,0.0,0.0,0.0,0.0,0.0
63.0,160.0,0.0,0.0,0.0,0.0,0.0,0.0,0.0
63.0,170.0,0.0,0.0,0.0,0.0,0.0,0.0,0.0
63.0,180.0,0.0,0.0,0.0,0.0,0.0,0.0,0.0
63.0,190.0,0.0,0.0,0.0,0.0,0.0,0.0,0.0
64.0,0.0,NaN,NaN,NaN,NaN,NaN,NaN,NaN
64.0,10.0,1.2213233,0.07212057,0.08925545,0.0,0.0,0.0,0.0
64.0,20.0,1.596997,0.013334306,0.089683674,0.0,0.0,0.0,0.0
64.0,30.0,2.7126844,0.0,0.08573299,0.0,0.0,0.0,0.0
64.0,40.0,0.0,0.0,0.0,0.0,0.0,0.0,0.0
64.0,50.0,0.0,0.0,0.0,0.0,0.0,0.0,0.0
64.0,60.0,0.0,0.0,0.0,0.0,0.0,0.0,0.0
64.0,70.0,0.0,0.0,0.0,0.0,0.0,0.0,0.0
64.0,80.0,0.0,0.0,0.0,0.0,0.0,0.0,0.0
64.0,90.0,0.0,0.0,0.0,0.0,0.0,0.0,0.0
64.0,100.0,0.0,0.0,0.0,0.0,0.0,0.0,0.0
64.0,110.0,0.0,0.0,0.0,0.0,0.0,0.0,0.0
64.0,120.0,0.0,0.0,0.0,0.0,0.0,0.0,0.0
64.0,130.0,0.0,0.0,0.0,0.0,0.0,0.0,0.0
64.0,140.0,0.0,0.0,0.0,0.0,0.0,0.0,0.0
64.0,150.0,0.0,0.0,0.0,0.0,0.0,0.0,0.0
64.0,160.0,0.0,0.0,0.0,0.0,0.0,0.0,0.0
64.0,170.0,0.0,0.0,0.0,0.0,0.0,0.0,0.0
64.0,180.0,0.0,0.0,0.0,0.0,0.0,0.0,0.0
64.0,190.0,0.0,0.0,0.0,0.0,0.0,0.0,0.0
65.0,0.0,NaN,NaN,NaN,NaN,NaN,NaN,NaN
65.0,10.0,1.0285971,0.080806196,0.092241004,0.0,0.0,0.0,0.0
65.0,20.0,1.5647442,0.012663655,0.096102454,0.0,0.0,0.0,0.0
65.0,30.0,NaN,NaN,NaN,NaN,NaN,NaN,NaN
65.0,40.0,0.0,0.0,0.0,0.0,0.0,0.0,0.0
65.0,50.0,0.0,0.0,0.0,0.0,0.0,0.0,0.0
65.0,60.0,0.0,0.0,0.0,0.0,0.0,0.0,0.0
65.0,70.0,0.0,0.0,0.0,0.0,0.0,0.0,0.0
65.0,80.0,0.0,0.0,0.0,0.0,0.0,0.0,0.0
65.0,90.0,0.0,0.0,0.0,0.0,0.0,0.0,0.0
65.0,100.0,0.0,0.0,0.0,0.0,0.0,0.0,0.0
65.0,110.0,0.0,0.0,0.0,0.0,0.0,0.0,0.0
65.0,120.0,0.0,0.0,0.0,0.0,0.0,0.0,0.0
65.0,130.0,0.0,0.0,0.0,0.0,0.0,0.0,0.0
65.0,140.0,0.0,0.0,0.0,0.0,0.0,0.0,0.0
65.0,150.0,0.0,0.0,0.0,0.0,0.0,0.0,0.0
65.0,160.0,0.0,0.0,0.0,0.0,0.0,0.0,0.0
65.0,170.0,0.0,0.0,0.0,0.0,0.0,0.0,0.0
65.0,180.0,0.0,0.0,0.0,0.0,0.0,0.0,0.0
65.0,190.0,0.0,0.0,0.0,0.0,0.0,0.0,0.0
66.0,0.0,NaN,NaN,NaN,NaN,NaN,NaN,NaN
66.0,10.0,1.047108,0.0974699,0.08903136,0.0,0.0,0.0,0.0
66.0,20.0,1.2474924,0.029268237,0.090397775,0.0,0.0,0.0,0.0
66.0,30.0,1.1430154,0.0013937391,0.08866439,0.0,0.0,0.0,0.0
66.0,40.0,0.0,0.0,0.0,0.0,0.0,0.0,0.0
66.0,50.0,0.0,0.0,0.0,0.0,0.0,0.0,0.0
66.0,60.0,0.0,0.0,0.0,0.0,0.0,0.0,0.0
66.0,70.0,0.0,0.0,0.0,0.0,0.0,0.0,0.0
66.0,80.0,0.0,0.0,0.0,0.0,0.0,0.0,0.0
66.0,90.0,0.0,0.0,0.0,0.0,0.0,0.0,0.0
66.0,100.0,0.0,0.0,0.0,0.0,0.0,0.0,0.0
66.0,110.0,0.0,0.0,0.0,0.0,0.0,0.0,0.0
66.0,120.0,0.0,0.0,0.0,0.0,0.0,0.0,0.0
66.0,130.0,0.0,0.0,0.0,0.0,0.0,0.0,0.0
66.0,140.0,0.0,0.0,0.0,0.0,0.0,0.0,0.0
66.0,150.0,0.0,0.0,0.0,0.0,0.0,0.0,0.0
66.0,160.0,0.0,0.0,0.0,0.0,0.0,0.0,0.0
66.0,170.0,0.0,0.0,0.0,0.0,0.0,0.0,0.0
66.0,180.0,0.0,0.0,0.0,0.0,0.0,0.0,0.0
66.0,190.0,0.0,0.0,0.0,0.0,0.0,0.0,0.0
67.0,0.0,NaN,NaN,NaN,NaN,NaN,NaN,NaN
67.0,10.0,0.8002673,0.071082465,0.0894327,0.0,0.0,0.0,0.0
67.0,20.0,0.8915179,0.013727381,0.092227615,0.0,0.0,0.0,0.0
67.0,30.0,1.0467386,0.004610142,0.18365483,0.0,0.0,0.0,0.0
67.0,40.0,0.0,0.0,0.0,0.0,0.0,0.0,0.0
67.0,50.0,0.0,0.0,0.0,0.0,0.0,0.0,0.0
67.0,60.0,0.0,0.0,0.0,0.0,0.0,0.0,0.0
67.0,70.0,0.0,0.0,0.0,0.0,0.0,0.0,0.0
67.0,80.0,0.0,0.0,0.0,0.0,0.0,0.0,0.0
67.0,90.0,0.0,0.0,0.0,0.0,0.0,0.0,0.0
67.0,100.0,0.0,0.0,0.0,0.0,0.0,0.0,0.0
67.0,110.0,0.0,0.0,0.0,0.0,0.0,0.0,0.0
67.0,120.0,0.0,0.0,0.0,0.0,0.0,0.0,0.0
67.0,130.0,0.0,0.0,0.0,0.0,0.0,0.0,0.0
67.0,140.0,0.0,0.0,0.0,0.0,0.0,0.0,0.0
67.0,150.0,0.0,0.0,0.0,0.0,0.0,0.0,0.0
67.0,160.0,0.0,0.0,0.0,0.0,0.0,0.0,0.0
67.0,170.0,0.0,0.0,0.0,0.0,0.0,0.0,0.0
67.0,180.0,0.0,0.0,0.0,0.0,0.0,0.0,0.0
67.0,190.0,0.0,0.0,0.0,0.0,0.0,0.0,0.0
68.0,0.0,NaN,NaN,NaN,NaN,NaN,NaN,NaN
68.0,10.0,1.0771438,0.058040958,0.08876527,0.0,0.0,0.0,0.0
68.0,20.0,1.213988,0.01675747,0.08993949,0.0,0.0,0.0,0.0
68.0,30.0,5.000039,0.0043075318,0.18947761,0.0,0.0,0.0,0.0
68.0,40.0,0.0,0.0,0.0,0.0,0.0,0.0,0.0
68.0,50.0,0.0,0.0,0.0,0.0,0.0,0.0,0.0
68.0,60.0,0.0,0.0,0.0,0.0,0.0,0.0,0.0
68.0,70.0,0.0,0.0,0.0,0.0,0.0,0.0,0.0
68.0,80.0,0.0,0.0,0.0,0.0,0.0,0.0,0.0
68.0,90.0,0.0,0.0,0.0,0.0,0.0,0.0,0.0
68.0,100.0,0.0,0.0,0.0,0.0,0.0,0.0,0.0
68.0,110.0,0.0,0.0,0.0,0.0,0.0,0.0,0.0
68.0,120.0,0.0,0.0,0.0,0.0,0.0,0.0,0.0
68.0,130.0,0.0,0.0,0.0,0.0,0.0,0.0,0.0
68.0,140.0,0.0,0.0,0.0,0.0,0.0,0.0,0.0
68.0,150.0,0.0,0.0,0.0,0.0,0.0,0.0,0.0
68.0,160.0,0.0,0.0,0.0,0.0,0.0,0.0,0.0
68.0,170.0,0.0,0.0,0.0,0.0,0.0,0.0,0.0
68.0,180.0,0.0,0.0,0.0,0.0,0.0,0.0,0.0
68.0,190.0,0.0,0.0,0.0,0.0,0.0,0.0,0.0
69.0,0.0,NaN,NaN,NaN,NaN,NaN,NaN,NaN
69.0,10.0,1.055771,0.0581258,0.089659065,0.0,0.0,0.0,0.0
69.0,20.0,1.0967406,0.012562765,0.093456805,0.0,0.0,0.0,0.0
69.0,30.0,0.9597315,0.004171596,0.090668105,0.0,0.0,0.0,0.0
69.0,40.0,0.0,0.0,0.0,0.0,0.0,0.0,0.0
69.0,50.0,0.0,0.0,0.0,0.0,0.0,0.0,0.0
69.0,60.0,0.0,0.0,0.0,0.0,0.0,0.0,0.0
69.0,70.0,0.0,0.0,0.0,0.0,0.0,0.0,0.0
69.0,80.0,0.0,0.0,0.0,0.0,0.0,0.0,0.0
69.0,90.0,0.0,0.0,0.0,0.0,0.0,0.0,0.0
69.0,100.0,0.0,0.0,0.0,0.0,0.0,0.0,0.0
69.0,110.0,0.0,0.0,0.0,0.0,0.0,0.0,0.0
69.0,120.0,0.0,0.0,0.0,0.0,0.0,0.0,0.0
69.0,130.0,0.0,0.0,0.0,0.0,0.0,0.0,0.0
69.0,140.0,0.0,0.0,0.0,0.0,0.0,0.0,0.0
69.0,150.0,0.0,0.0,0.0,0.0,0.0,0.0,0.0
69.0,160.0,0.0,0.0,0.0,0.0,0.0,0.0,0.0
69.0,170.0,0.0,0.0,0.0,0.0,0.0,0.0,0.0
69.0,180.0,0.0,0.0,0.0,0.0,0.0,0.0,0.0
69.0,190.0,0.0,0.0,0.0,0.0,0.0,0.0,0.0
70.0,0.0,2.8550267,0.060971066,17.399221,0.0,0.0,0.0,0.0
70.0,10.0,1.2578726,0.06813617,0.09176562,0.0,0.0,0.0,0.0
70.0,20.0,1.7868401,0.017818341,0.088946864,0.0,0.0,0.0,0.0
70.0,30.0,0.47466347,0.009915833,0.27116057,0.0,0.0,0.0,0.0
70.0,40.0,0.0,0.0,0.0,0.0,0.0,0.0,0.0
70.0,50.0,0.0,0.0,0.0,0.0,0.0,0.0,0.0
70.0,60.0,0.0,0.0,0.0,0.0,0.0,0.0,0.0
70.0,70.0,0.0,0.0,0.0,0.0,0.0,0.0,0.0
70.0,80.0,0.0,0.0,0.0,0.0,0.0,0.0,0.0
70.0,90.0,0.0,0.0,0.0,0.0,0.0,0.0,0.0
70.0,100.0,0.0,0.0,0.0,0.0,0.0,0.0,0.0
70.0,110.0,0.0,0.0,0.0,0.0,0.0,0.0,0.0
70.0,120.0,0.0,0.0,0.0,0.0,0.0,0.0,0.0
70.0,130.0,0.0,0.0,0.0,0.0,0.0,0.0,0.0
70.0,140.0,0.0,0.0,0.0,0.0,0.0,0.0,0.0
70.0,150.0,0.0,0.0,0.0,0.0,0.0,0.0,0.0
70.0,160.0,0.0,0.0,0.0,0.0,0.0,0.0,0.0
70.0,170.0,0.0,0.0,0.0,0.0,0.0,0.0,0.0
70.0,180.0,0.0,0.0,0.0,0.0,0.0,0.0,0.0
70.0,190.0,0.0,0.0,0.0,0.0,0.0,0.0,0.0
